full_name,pdes,name,aluminum kg,aluminum usd,iron silicate kg,iron silicate usd,magnesium silicate kg,magnesium silicate usd,platinum kg,platinum usd,stainless steel kg,stainless steel usd,cobalt kg,cobalt usd,nickel-iron kg,nickel-iron usd,nickel kg,nickel usd,iron kg,iron usd,oxygen kg,oxygen usd,ammonia kg,ammonia usd,nitrogen kg,nitrogen usd,hydrogen kg,hyrogen usd,water kg,water usd,total_value,close_approaches
   433 Eros (1898 DQ),433,Eros,0,0,0.0,0.0,6.776324182596205e-17,6.776324182596206e-42,0,0,0,0,0,0,0,0,0,0,0,0,0,0,0,0,0,0,0,0,0,0,0, 2019-Jan-15 2025-Nov-30 2042-Apr-06 2049-Feb-12
   719 Albert (1911 MT),719,Albert,0,0,0.0,0.0,2.873465369295814e-19,2.873465369295814e-44,0,0,0,0,0,0,0,0,0,0,0,0,0,0,0,0,0,0,0,0,0,0,0, 2048-Sep-19
   887 Alinda (1918 DB),887,Alinda,0,0,0.0,0.0,1.0512736629448754e-18,1.0512736629448758e-43,0,0,0,0,0,0,0,0,0,0,0,0,0,0,0,0,0,0,0,0,0,0,0, 2025-Jan-08
  1036 Ganymed (1924 TD),1036,Ganymed,0,0,0.0,0.0,4.50298649811668e-16,4.502986498116681e-41,0,0,0,0,0,0,0,0,0,0,0,0,0,0,0,0,0,0,0,0,0,0,0, 2024-Oct-13 2037-Oct-15
  1580 Betulia (1950 KA),1580,Betulia,0,0,0,0,0,0,0,0,0,0,2819627158.805174,563925431.7610348,0,0,19737390111.63622,394747.8022327244,234029054180.82944,46805.81083616588,0,0,1409813579.402587,14098135.79402587,1409813579.402587,104458727.35225527,331306191159.6079,1211945005646.6204,281962715880.5174,2819627158.805174,1215447556653.9458, 2028-Jun-07
  1620 Geographos (1951 RA),1620,Geographos,0,0,0.0,0.0,2.3806075637535597e-19,2.3806075637535597e-44,0,0,0,0,0,0,0,0,0,0,0,0,0,0,0,0,0,0,0,0,0,0,0, 2019-Aug-31 2026-Feb-09 2026-Aug-12 2033-Mar-14 2033-Sep-23 2040-Mar-12 2044-Sep-06 2047-Feb-28
  1627 Ivar (1929 SH),1627,Ivar,0,0,0.0,0.0,1.0763473060405584e-17,1.0763473060405586e-42,0,0,0,0,0,0,0,0,0,0,0,0,0,0,0,0,0,0,0,0,0,0,0, 2018-Aug-12 2041-Jun-29 2046-Aug-06
  1685 Toro (1948 OA),1685,Toro,0,0,0.0,0.0,5.57705162082731e-19,5.577051620827311e-44,0,0,0,0,0,0,0,0,0,0,0,0,0,0,0,0,0,0,0,0,0,0,0, 2020-Jul-27 2024-Jan-20 2028-Jul-26 2032-Jan-20 2036-Jul-27 2040-Jan-21 2044-Jul-28 2048-Jan-23
  1862 Apollo (1932 HA),1862,Apollo,0,0,0,0,0,0,0,0,0,0,0,0,637650729870.2174,6440272.371689197,0,0,0,0,0,0,0,0,0,0,0,0,0,0,6440272.371689197, 2021-Nov-22 2023-May-30 2030-Oct-04 2032-Apr-26 2039-Jul-26 2046-Nov-13 2048-May-13
  1863 Antinous (1948 EA),1863,Antinous,0,0,0.0,0.0,9.698096521631692e-20,9.698096521631694e-45,0,0,0,0,0,0,0,0,0,0,0,0,0,0,0,0,0,0,0,0,0,0,0, 2033-Mar-23 2043-Aug-24 2050-Mar-17
  1864 Daedalus (1971 FA),1864,Daedalus,0,0,0.0,0.0,5.304369756076127e-19,5.304369756076128e-44,0,0,0,0,0,0,0,0,0,0,0,0,0,0,0,0,0,0,0,0,0,0,0, 2017-May-08 2024-Aug-13 2031-Sep-22 2033-Apr-23 2038-Nov-03 2040-May-08 2045-Dec-04 2047-Jul-14
  1865 Cerberus (1971 UA),1865,Cerberus,0,0,0.0,0.0,2.4519502342737614e-20,2.451950234273762e-45,0,0,0,0,0,0,0,0,0,0,0,0,0,0,0,0,0,0,0,0,0,0,0, 2016-Nov-16 2017-Nov-05 2018-Feb-10 2019-May-05 2020-Jul-21 2025-Nov-11 2026-Nov-14 2027-Jan-17 2028-Apr-20 2029-Jul-14 2035-Nov-23 2037-Apr-06 2038-Jul-06 2044-Nov-25 2046-Mar-25 2047-Jun-25
  1866 Sisyphus (1972 XA),1866,Sisyphus,0,0,0.0,0.0,8.652776178440885e-18,8.652776178440886e-43,0,0,0,0,0,0,0,0,0,0,0,0,0,0,0,0,0,0,0,0,0,0,0, 2019-Jun-14 2032-Jun-15 2032-Nov-08 2045-Nov-13
  1916 Boreas (1953 RA),1916,Boreas,0,0,0.0,0.0,6.083759623523584e-19,6.083759623523585e-44,0,0,0,0,0,0,0,0,0,0,0,0,0,0,0,0,0,0,0,0,0,0,0, 2025-Aug-26 2049-Aug-26
  1917 Cuyo (1968 AA),1917,Cuyo,0,0,0.0,0.0,1.9393365609875153e-18,1.9393365609875157e-43,0,0,0,0,0,0,0,0,0,0,0,0,0,0,0,0,0,0,0,0,0,0,0, 2030-Oct-06 2049-Sep-08
  1943 Anteros (1973 EC),1943,Anteros,891887682378.6301,44594384118.9315,0.0,0.0,1.2741252605409e-19,1.2741252605409003e-44,0,0,0,0,0,0,0,0,0,0,0,0,0,0,0,0,0,0,0,0,0,0,44594384118.9315, 2026-May-30 2038-May-23 2050-May-20
  1980 Tezcatlipoca (1950 LA),1980,Tezcatlipoca,0,0,0.0,0.0,8.325953570298788e-19,8.32595357029879e-44,0,0,0,0,0,0,0,0,0,0,0,0,0,0,0,0,0,0,0,0,0,0,0, 2035-Jul-08 2035-Nov-17 2044-Nov-16
  1981 Midas (1973 EA),1981,Midas,0,0,0.0,0.0,5.57705162082731e-19,5.577051620827311e-44,0,0,0,0,0,0,0,0,0,0,0,0,0,0,0,0,0,0,0,0,0,0,0, 2018-Mar-21 2032-Sep-14 2037-Mar-05 2044-Mar-31
  2062 Aten (1976 AA),2062,Aten,0,0,0.0,0.0,1.393819940642672e-20,1.3938199406426722e-45,0,0,0,0,0,0,0,0,0,0,0,0,0,0,0,0,0,0,0,0,0,0,0, 2030-Sep-22 2031-Aug-17 2031-Nov-23 2032-Jul-08 2032-Dec-31 2033-May-25 2034-Jan-20 2035-Jan-24 2050-Sep-01
  2063 Bacchus (1977 HB),2063,Bacchus,0,0,0.0,0.0,1.7638703997774246e-20,1.763870399777425e-45,0,0,0,0,0,0,0,0,0,0,0,0,0,0,0,0,0,0,0,0,0,0,0, 2021-Aug-21 2022-Oct-29 2023-Jun-11 2024-Mar-31 2031-Sep-14 2032-Jul-06 2033-Jan-06 2033-May-05 2034-Apr-13 2040-Aug-26 2041-Aug-17 2041-Nov-14 2042-Jun-04 2043-Apr-01 2050-Sep-17
  2100 Ra-Shalom (1978 RA),2100,Ra-Shalom,0,0,0,0,0,0,637062630.27045,1274125260.5409,0,0,63706263027.045,12741252605.409,0,0,1274125260540.9001,25482505.210818004,11212302292759.92,2242460.4585519843,0,0,0,0,0,0,0,0,0,0,14043102831.619268, 2016-Oct-09 2019-May-12 2019-Sep-21 2022-Aug-31 2023-Jan-11 2025-Aug-12 2028-Aug-08 2031-Aug-14 2032-Oct-10 2035-Oct-15 2038-Oct-05 2041-May-19 2041-Sep-15 2041-Dec-19 2044-Aug-25 2045-Jan-18 2047-Aug-10 2050-Aug-09
  2102 Tantalus (1975 YA),2102,Tantalus,0,0,0,0,0,0,0,0,0,0,0,0,1917551948189.354,19367274.676712476,0,0,0,0,0,0,0,0,0,0,0,0,0,0,19367274.676712476, 2016-Dec-30 2017-Jun-22 2019-Dec-17 2020-Jun-19 2036-Jan-08 2036-Jun-25 2038-Dec-27 2039-Jun-21 2041-Dec-13
  2201 Oljato (1947 XC),2201,Oljato,0,0,0.0,0.0,6.107256118578558e-20,6.107256118578559e-45,0,0,0,0,0,0,0,0,0,0,0,0,0,0,0,0,0,0,0,0,0,0,0, 2024-Nov-28 2028-Apr-13 2040-Dec-16 2044-May-30
  2340 Hathor (1976 UA),2340,Hathor,0,0,0.0,0.0,2.8274333882308135e-22,2.827433388230814e-47,0,0,0,0,0,0,0,0,0,0,0,0,0,0,0,0,0,0,0,0,0,0,0, 2019-Jan-13 2021-Nov-01 2024-Nov-02 2026-Jan-17 2028-Nov-18 2029-Apr-11 2031-Oct-28 2033-Jan-13 2035-Aug-09 2035-Dec-06 2036-Mar-24 2038-Oct-23 2040-Jan-08 2042-Jul-22 2042-Dec-24 2045-Oct-21 2047-Jan-02 2050-Jan-13
  3102 Krok (1981 QA),3102,Krok,0,0,0.0,0.0,5.812030184945215e-20,5.812030184945215e-45,0,0,0,0,0,0,0,0,0,0,0,0,0,0,0,0,0,0,0,0,0,0,0, 2022-Aug-29 2041-Aug-25
  3103 Eger (1982 BB),3103,Eger,0,0,0,0,0,0,0,0,0,0,17671458676.442585,3534291735.2885165,0,0,353429173528.8517,7068583.470577034,3110176727053.8945,622035.345410779,0,0,0,0,0,0,0,0,0,0,3541982354.1045046, 2016-Aug-02 2021-Jul-31 2026-Jul-29 2031-Jul-27 2036-Jul-23 2041-Jul-20
  3122 Florence (1981 ET3),3122,Florence,0,0,0.0,0.0,1.6693836406948717e-18,1.669383640694872e-43,0,0,0,0,0,0,0,0,0,0,0,0,0,0,0,0,0,0,0,0,0,0,0, 2017-Sep-01 2024-Oct-01 2050-Aug-11
  3200 Phaethon (1983 TB),3200,Phaethon,0,0,0,0,0,0,0,0,0,0,0,0,0,0,0,0,9584914363100.81,1916982.8726201619,0,0,958491436.310081,9584914.36310081,958491436.310081,71018464.48195913,225245487532.86902,823966321620.5553,0,0,824048841982.273, 2016-Sep-29 2017-Dec-16 2026-Oct-07 2027-Dec-23 2030-Nov-23 2036-Oct-16 2037-Dec-24 2040-Dec-02 2049-Sep-24 2050-Dec-11
  3216 Harrington (1980 RB),3216,Harrington,0,0,0.0,0.0,3.4546652176091457e-18,3.4546652176091463e-43,0,0,0,0,0,0,0,0,0,0,0,0,0,0,0,0,0,0,0,0,0,0,0, 2022-Jul-20 2039-Oct-31
  3288 Seleucus (1982 DV),3288,Seleucus,0,0,0,0,0,0,0,0,0,0,311488492.72440743,62297698.544881485,0,0,2180419449.070852,43608.38898141704,25853544896.125813,5170.708979225163,0,0,311488492.72440743,3114884.927244074,311488492.72440743,23079428.37992224,73199795790.23573,267770809268.06573,31148849272.44074,311488492.72440743,268170838551.74014, 2037-May-24 2040-Apr-06
  3352 McAuliffe (1981 CW),3352,McAuliffe,0,0,0,0,0,0,0,0,0,0,0,0,0,0,0,0,0,0,0,0,0,0,0,0,0,0,0,0,0, 2030-Feb-06 2048-Jan-25
  3671 Dionysus (1984 KD),3671,Dionysus,0,0,0,0,0,0,0,0,0,0,35342917.35288517,7068583.470577034,0,0,247400421.4701962,4948.008429403923,2933462140.289469,586.6924280578937,0,0,35342917.35288517,353429.1735288517,35342917.35288517,2618698.1183446734,8305585577.928015,30382507869.559147,3534291735.2885165,35342917.35288517,30427897032.37534, 2023-Sep-03
  3691 Bede (1982 FT),3691,Bede,0,0,0,0,0,0,4162976785.149394,8325953570.298788,0,0,416297678514.9394,83259535702.98787,0,0,8325953570298.788,166519071.4059758,73268391418629.33,14653678.283725867,0,0,0,0,0,0,0,0,0,0,91766662022.97635, 2034-Apr-04
  3908 Nyx (1980 PA),3908,Nyx,0,0,0.0,0.0,1.41895268187139e-20,1.4189526818713902e-45,0,0,0,0,0,0,0,0,0,0,0,0,0,0,0,0,0,0,0,0,0,0,0, 2020-Dec-08
  4034 Vishnu (1986 PA),4034,Vishnu,0,0,0,0,0,0,969809652.1631689,1939619304.3263378,0,0,0,0,2300388494.9310365,23233.92379880347,0,0,0,0,0,0,0,0,0,0,0,0,0,0,1939642538.2501366, 2021-Aug-28 2022-Aug-24 2022-Oct-25 2024-Jan-10 2025-Apr-01 2026-May-02 2033-Aug-26 2034-Aug-28 2036-Jan-06 2037-Mar-28 2038-Apr-30 2045-Aug-25 2046-Sep-01 2048-Jan-02 2049-Mar-24 2050-Apr-29
  4055 Magellan (1985 DO2),4055,Magellan,0,0,0.0,0.0,2.1906144821948307e-19,2.190614482194831e-44,0,0,0,0,0,0,0,0,0,0,0,0,0,0,0,0,0,0,0,0,0,0,0, 2042-Aug-31 2047-Sep-10
  4179 Toutatis (1989 AC),4179,Toutatis,0,0,0.0,0.0,1.648959152016211e-18,1.6489591520162114e-43,0,0,0,0,0,0,0,0,0,0,0,0,0,0,0,0,0,0,0,0,0,0,0, 2016-Dec-29
  4183 Cuno (1959 LM),4183,Cuno,0,0,0.0,0.0,9.693188808652842e-19,9.693188808652845e-44,0,0,0,0,0,0,0,0,0,0,0,0,0,0,0,0,0,0,0,0,0,0,0, 2026-Apr-04 2040-Jan-31
  4197 Morpheus (1982 TA),4197,Morpheus,0,0,0.0,0.0,6.107256118578558e-20,6.107256118578559e-45,0,0,0,0,0,0,0,0,0,0,0,0,0,0,0,0,0,0,0,0,0,0,0, 2017-Oct-03 2035-May-21 2042-May-18 2049-May-10
  4341 Poseidon (1987 KF),4341,Poseidon,0,0,0,0,0,0,132854627247.33736,265709254494.6747,0,0,0,0,315131175830.6842,3182824.8758899104,0,0,0,0,0,0,0,0,0,0,0,0,0,0,265712437319.5506, 2016-Dec-31 2021-Dec-12 2026-Nov-13 2031-Oct-27 2036-Oct-17 2041-Oct-08
  4660 Nereus (1982 DB),4660,Nereus,0,0,0,0,0,0,0,0,0,0,188165691.98676068,37633138.39735214,0,0,3763313839.7352138,75266.27679470429,33117161789.66988,6623.432357933976,0,0,0,0,0,0,0,0,0,0,37715028.106504776, 2021-Dec-11 2031-Mar-02 2040-Mar-24 2050-Nov-25
  4688 (1980 WF),4688,,0,0,0.0,0.0,3.0649377928422017e-21,3.0649377928422024e-46,0,0,0,0,0,0,0,0,0,0,0,0,0,0,0,0,0,0,0,0,0,0,0, 2021-Jan-25 2031-Jan-29
  4947 Ninkasi (1988 TJ1),4947,Ninkasi,0,0,0.0,0.0,6.706048224790877e-21,6.706048224790878e-46,0,0,0,0,0,0,0,0,0,0,0,0,0,0,0,0,0,0,0,0,0,0,0, 2020-Sep-12 2026-Feb-21 2028-Aug-10 2034-Feb-07 2042-Jan-16 2049-Nov-22
  4954 Eric (1990 SQ),4954,Eric,0,0,0.0,0.0,1.7874717207855726e-17,1.787471720785573e-42,0,0,0,0,0,0,0,0,0,0,0,0,0,0,0,0,0,0,0,0,0,0,0, 2024-Oct-11 2041-Oct-11
  4957 Brucemurray (1990 XJ),4957,Brucemurray,0,0,0.0,0.0,6.582728865868171e-19,6.582728865868173e-44,0,0,0,0,0,0,0,0,0,0,0,0,0,0,0,0,0,0,0,0,0,0,0, 2031-Jun-16 2033-Jun-21 2037-Nov-22 2039-Nov-26 2041-Nov-30
  5131 (1990 BG),5131,,0,0,0.0,0.0,8.67772668552052e-19,8.677726685520523e-44,0,0,0,0,0,0,0,0,0,0,0,0,0,0,0,0,0,0,0,0,0,0,0, 2017-Aug-24 2028-Jun-22 2030-Jan-28 2037-Jul-19 2039-Feb-04 2046-Aug-12 2048-Feb-05
  5143 Heracles (1991 VL),5143,Heracles,0,0,0,0,0,0,2417556792722.89,4835113585445.78,0,0,0,0,5734444712338.695,57917891.594620824,0,0,0,0,0,0,0,0,0,0,0,0,0,0,4835171503337.375, 2016-Nov-28 2021-Nov-18 2026-Nov-10 2029-Jul-26 2034-Jul-18 2039-Jul-10 2044-Jul-01 2049-Jun-16
  5587 (1990 SB),5587,,0,0,0.0,0.0,4.764674821077649e-19,4.764674821077651e-44,0,0,0,0,0,0,0,0,0,0,0,0,0,0,0,0,0,0,0,0,0,0,0, 2027-May-09 2027-Aug-15
  5604 (1992 FE),5604,,0,0,0.0,0.0,2.3607825244635254e-21,2.3607825244635258e-46,0,0,0,0,0,0,0,0,0,0,0,0,0,0,0,0,0,0,0,0,0,0,0, 2017-Feb-24 2017-Nov-20 2018-Apr-30 2018-Sep-10 2019-Jun-18 2025-Mar-08 2026-Jan-08 2026-Mar-22 2026-Oct-20 2027-Jun-06 2028-Jun-07 2034-Feb-28 2034-Dec-07 2035-Apr-15 2035-Sep-29 2036-Jun-22 2043-Feb-24 2043-Nov-18 2044-May-03 2044-Sep-08 2045-Jun-17
  5646 (1990 TR),5646,,0,0,0,0,0,0,0,0,0,0,0,0,0,0,0,0,0,0,0,0,0,0,0,0,0,0,0,0,0, 2037-Sep-11
  5660 (1974 MA),5660,,0,0,0,0,0,0,0,0,0,0,0,0,4392857730608.8174,44367863.07914906,0,0,0,0,0,0,0,0,0,0,0,0,0,0,44367863.07914906, 2020-Feb-05 2024-Aug-15 2036-Aug-04 2048-Jul-17
  5751 Zao (1992 AC),5751,Zao,0,0,0,0,0,0,0,0,0,0,63706263027.045,12741252605.409,0,0,1274125260540.9001,25482505.210818004,11212302292759.92,2242460.4585519843,0,0,0,0,0,0,0,0,0,0,12768977571.07837, 2050-Feb-09
  5828 (1991 AM),5828,,0,0,0,0,0,0,0,0,0,0,0,0,1917551948189.354,19367274.676712476,0,0,0,0,0,0,0,0,0,0,0,0,0,0,19367274.676712476, 2026-Sep-28 2033-Feb-26 2044-Mar-11 2046-Aug-08
  5836 (1993 MF),5836,,0,0,0.0,0.0,8.67772668552052e-19,8.677726685520523e-44,0,0,0,0,0,0,0,0,0,0,0,0,0,0,0,0,0,0,0,0,0,0,0, 2035-Jul-10
  6047 (1991 TB1),6047,,0,0,0.0,0.0,1.197859736921703e-20,1.1978597369217031e-45,0,0,0,0,0,0,0,0,0,0,0,0,0,0,0,0,0,0,0,0,0,0,0, 2020-Mar-26 2027-Mar-31
  6053 (1993 BW3),6053,,0,0,0.0,0.0,5.577847960648421e-19,5.577847960648422e-44,0,0,0,0,0,0,0,0,0,0,0,0,0,0,0,0,0,0,0,0,0,0,0, 2017-Aug-30 2017-Dec-25 2039-Sep-03 2039-Dec-19
  6455 (1992 HE),6455,,0,0,0.0,0.0,2.620631563311613e-18,2.6206315633116136e-43,0,0,0,0,0,0,0,0,0,0,0,0,0,0,0,0,0,0,0,0,0,0,0, 2049-Apr-28
  6489 Golevka (1991 JX),6489,Golevka,0,0,0,0,0,0,0,0,0,0,0,0,28127860062.485443,284091.386631103,0,0,0,0,0,0,0,0,0,0,0,0,0,0,284091.386631103, 2042-Sep-08 2046-May-14
  6569 Ondaatje (1993 MO),6569,Ondaatje,0,0,0.0,0.0,6.115988670252746e-20,6.115988670252747e-45,0,0,0,0,0,0,0,0,0,0,0,0,0,0,0,0,0,0,0,0,0,0,0, 2020-Jul-12 2022-Jul-01 2047-Jul-20 2049-Jul-08
  6611 (1993 VW),6611,,0,0,0.0,0.0,4.1534211246413114e-20,4.153421124641312e-45,0,0,0,0,0,0,0,0,0,0,0,0,0,0,0,0,0,0,0,0,0,0,0, 2024-Dec-13 2036-Jan-02 2047-Mar-21
  7336 Saunders (1989 RS1),7336,Saunders,0,0,0.0,0.0,2.220581269391339e-21,2.2205812693913394e-46,0,0,0,0,0,0,0,0,0,0,0,0,0,0,0,0,0,0,0,0,0,0,0, 2017-Sep-17 2024-Sep-16 2031-Sep-17 2038-Sep-17 2045-Sep-14
  7341 (1991 VK),7341,,0,0,0.0,0.0,4.04079364252468e-20,4.040793642524681e-45,0,0,0,0,0,0,0,0,0,0,0,0,0,0,0,0,0,0,0,0,0,0,0, 2017-Jan-25 2022-Jan-25 2027-Jan-22 2032-Jan-16 2037-Jan-11 2042-Jan-06 2046-Dec-31
  7358 Oze (1995 YA3),7358,Oze,0,0,0.0,0.0,7.353035660767915e-19,7.3530356607679155e-44,0,0,0,0,0,0,0,0,0,0,0,0,0,0,0,0,0,0,0,0,0,0,0, 2034-Aug-04 2047-Aug-20
  7474 (1992 TC),7474,,0,0,0,0,0,0,0,0,0,0,3353024112.395438,670604822.4790877,0,0,67060482247.90877,1341209.6449581755,590132243781.5972,118026.44875631944,0,0,0,0,0,0,0,0,0,0,672064058.5728022, 2037-Jul-20 2039-Sep-24 2041-Oct-03 2043-Nov-24
  7480 Norwan (1994 PC),7480,Norwan,0,0,0.0,0.0,3.6174785733170054e-20,3.617478573317006e-45,0,0,0,0,0,0,0,0,0,0,0,0,0,0,0,0,0,0,0,0,0,0,0, 2045-Aug-03 2045-Nov-16 2047-Sep-02 2047-Oct-27 2049-Sep-10
  7482 (1994 PC1),7482,,0,0,0.0,0.0,4.768765505858561e-20,4.768765505858562e-45,0,0,0,0,0,0,0,0,0,0,0,0,0,0,0,0,0,0,0,0,0,0,0, 2022-Jan-18 2022-Jul-03 2033-Jan-08 2043-Dec-29 2047-Feb-06 2047-Jun-26
  7753 (1988 XB),7753,,0,0,0,0,0,0,0,0,0,0,0,0,0,0,0,0,20198343931.022133,4039.6687862044264,0,0,2019834.3931022133,20198.343931022133,2019834.3931022133,149657.60952251538,474661082.3790201,1736348862.5147285,0,0,1736522758.1369684, 2020-Nov-22 2029-Jul-09 2036-Nov-20 2045-Jul-06
  7822 (1991 CS),7822,,0,0,0.0,0.0,2.081641643548051e-20,2.0816416435480512e-45,0,0,0,0,0,0,0,0,0,0,0,0,0,0,0,0,0,0,0,0,0,0,0, 2021-Aug-25 2022-Feb-24 2027-Aug-14 2034-Sep-10 2035-Feb-24 2040-Sep-01 2041-Feb-22 2046-Aug-22 2047-Feb-25
  7888 (1993 UC),7888,,0,0,0,0,0,0,0,0,0,0,0,0,0,0,0,0,0,0,0,0,0,0,0,0,0,0,0,0,0, 2032-Mar-27
  7889 (1994 LX),7889,,0,0,0.0,0.0,4.349165831689583e-19,4.3491658316895844e-44,0,0,0,0,0,0,0,0,0,0,0,0,0,0,0,0,0,0,0,0,0,0,0, 2022-Jan-29 2031-Dec-24 2039-Jan-31 2048-Dec-24
  8176 (1991 WA),8176,,0,0,0,0,0,0,0,0,0,0,0,0,553028022745.9905,5585583.029734504,0,0,0,0,0,0,0,0,0,0,0,0,0,0,5585583.029734504, 2017-May-04 2019-Apr-25 2021-Apr-17
  8566 (1996 EN),8566,,0,0,0,0,0,0,0,0,0,0,0,0,0,0,0,0,0,0,0,0,0,0,0,0,0,0,0,0,0, 2020-Sep-25 2022-Mar-27 2033-Sep-08 2046-Mar-25 2046-Aug-23
  9400 (1994 TW1),9400,,0,0,0.0,0.0,5.577847960648421e-19,5.577847960648422e-44,0,0,0,0,0,0,0,0,0,0,0,0,0,0,0,0,0,0,0,0,0,0,0, 2040-Sep-29
 10115 (1992 SK),10115,,0,0,0.0,0.0,3.6174785733170054e-20,3.617478573317006e-45,0,0,0,0,0,0,0,0,0,0,0,0,0,0,0,0,0,0,0,0,0,0,0, 2017-Aug-31 2020-Feb-26 2024-Aug-26 2031-Aug-25 2038-Jun-21 2038-Aug-31 2045-May-08 2045-Sep-12
 10165 (1995 BL2),10165,,123470927984.41972,6173546399.220987,0.0,0.0,1.7638703997774246e-20,1.763870399777425e-45,0,0,0,0,0,0,0,0,0,0,0,0,0,0,0,0,0,0,0,0,0,0,6173546399.220987, 2017-Aug-09 2021-Oct-27 2024-Apr-04 2028-Jul-25 2032-Oct-11 2035-Apr-02 2039-Jul-11 2043-Sep-23 2046-Mar-27 2050-Jun-25
 10302 (1989 ML),10302,,0,0,0,0,0,0,0,0,0,0,556463491.7253907,111292698.34507814,0,0,11129269834.507814,222585.3966901563,97937574543.66876,19587.514908733756,0,0,0,0,0,0,0,0,0,0,111534871.25667703, 2019-Feb-14 2022-Jul-02 2025-Nov-19 2029-Jan-21 2032-Apr-09 2035-Oct-14 2038-Dec-28 2042-Mar-02 2045-Jul-19 2048-Dec-04
 11066 Sigurd (1992 CC1),11066,Sigurd,0,0,0,0,0,0,0,0,0,0,434916583.16895837,86983316.63379169,0,0,3044416082.1827087,60888.32164365418,36098076403.023544,7219.6152806047085,0,0,434916583.16895837,4349165.831689584,434916583.16895837,32224709.3133208,102205397044.70522,373875658842.68915,43491658316.895836,434916583.16895837,374434200725.5738, 2022-Oct-12 2027-Sep-08 2032-Aug-07 2045-Oct-02 2050-Aug-30
 11311 Peleus (1993 XN2),11311,Peleus,0,0,0.0,0.0,9.256923447169399e-20,9.256923447169401e-45,0,0,0,0,0,0,0,0,0,0,0,0,0,0,0,0,0,0,0,0,0,0,0, 2030-Oct-28 2033-Nov-23
 11398 (1998 YP11),11398,,0,0,0.0,0.0,7.022094540784575e-20,7.022094540784577e-45,0,0,0,0,0,0,0,0,0,0,0,0,0,0,0,0,0,0,0,0,0,0,0, 2017-Mar-15 2017-Jun-16 2026-Mar-03 2026-Jun-25
 11405 (1999 CV3),11405,,0,0,0.0,0.0,3.2097164809517224e-19,3.209716480951723e-44,0,0,0,0,0,0,0,0,0,0,0,0,0,0,0,0,0,0,0,0,0,0,0, 2022-Feb-19 2029-Feb-28 2036-Feb-27 2036-Jul-29 2043-Aug-05 2050-Aug-18
 11500 Tomaiyowit (1989 UR),11500,Tomaiyowit,0,0,0.0,0.0,6.003520078212816e-21,6.003520078212817e-46,0,0,0,0,0,0,0,0,0,0,0,0,0,0,0,0,0,0,0,0,0,0,0, 2016-Nov-18 2017-Oct-12 2018-Mar-07 2018-Aug-09 2019-Jun-21 2025-Nov-12 2026-Oct-27 2027-Feb-12 2027-Aug-23 2028-Jun-11 2034-Nov-07 2035-Nov-13 2036-Jan-15 2037-May-30 2044-Nov-28 2045-Sep-14 2046-May-03 2047-Jul-07
 12538 (1998 OH),12538,,0,0,0.0,0.0,1.8984797425704713e-19,1.8984797425704715e-44,0,0,0,0,0,0,0,0,0,0,0,0,0,0,0,0,0,0,0,0,0,0,0, 2019-May-16 2021-Mar-28 2042-May-03 2044-Feb-20
 12711 Tukmit (1991 BB),12711,Tukmit,0,0,0.0,0.0,1.401092060937617e-19,1.4010920609376173e-44,0,0,0,0,0,0,0,0,0,0,0,0,0,0,0,0,0,0,0,0,0,0,0, 2022-Jan-23 2022-Jul-15 2031-Jan-18 2031-Aug-01 2035-Jan-31 2040-Aug-16 2044-Jan-28 2044-Jul-01
 12923 Zephyr (1999 GK4),12923,Zephyr,0,0,0.0,0.0,1.8984797425704713e-19,1.8984797425704715e-44,0,0,0,0,0,0,0,0,0,0,0,0,0,0,0,0,0,0,0,0,0,0,0, 2021-Sep-25 2032-Sep-22 2043-Sep-24
 13651 (1997 BR),13651,,0,0,0.0,0.0,1.5790866700424396e-20,1.5790866700424397e-45,0,0,0,0,0,0,0,0,0,0,0,0,0,0,0,0,0,0,0,0,0,0,0, 2017-Aug-11 2031-Mar-21 2031-May-09 2034-Feb-07 2034-Aug-02 2048-Mar-18
 14402 (1991 DB),14402,,0,0,0,0,0,0,0,0,0,0,3121486.460606818,624297.2921213637,0,0,21850405.224247728,437.0081044849545,259083376.23036587,51.816675246073174,0,0,1560743.230303409,15607.43230303409,1560743.230303409,115641.70890610077,366774659.1213011,1341691547.519732,312148646.06068176,3121486.460606818,1345569069.238449, 2018-Mar-11 2027-Mar-06 2036-Feb-29
 15745 Yuliya (1991 PM5),15745,Yuliya,0,0,0.0,0.0,2.7441381238668534e-20,2.7441381238668542e-45,0,0,0,0,0,0,0,0,0,0,0,0,0,0,0,0,0,0,0,0,0,0,0, 2018-Jul-03 2027-Jun-22 2036-May-28
 15817 Lucianotesi (1994 QC),15817,Lucianotesi,0,0,0,0,0,0,16804928.791770086,33609857.58354017,0,0,1680492879.1770084,336098575.83540165,0,0,33609857583.54017,672197.1516708034,295766746735.1535,59153.3493470307,0,0,0,0,0,0,0,0,0,0,370439783.9199597, 2020-Sep-28 2023-Sep-03 2026-Aug-09 2029-Apr-18 2032-Mar-19 2035-Feb-24 2038-Jan-31 2049-Oct-19
 16064 Davidharvey (1999 RH27),16064,Davidharvey,0,0,0,0,0,0,0,0,0,0,55762952.26684058,11152590.453368116,0,0,390340665.8678841,7806.813317357682,4628325038.147768,925.6650076295535,0,0,27881476.13342029,278814.7613342029,27881476.13342029,2065850.092629643,6552146891.353768,23968286476.76463,5576295226.684058,55762952.26684058,24037555416.817127, 2033-Dec-16
 16657 (1993 UB),16657,,0,0,0.0,0.0,4.6394518543862746e-20,4.6394518543862753e-45,0,0,0,0,0,0,0,0,0,0,0,0,0,0,0,0,0,0,0,0,0,0,0, 2024-Oct-27 2048-Oct-29
 16834 (1997 WU22),16834,,0,0,0.0,0.0,9.27881963415144e-20,9.278819634151442e-45,0,0,0,0,0,0,0,0,0,0,0,0,0,0,0,0,0,0,0,0,0,0,0, 2025-Apr-29 2032-Jul-31 2041-May-07 2048-Aug-03
 16960 (1998 QS52),16960,,0,0,0.0,0.0,1.1129269834507811e-18,1.1129269834507814e-43,0,0,0,0,0,0,0,0,0,0,0,0,0,0,0,0,0,0,0,0,0,0,0, 2025-May-21 2038-Jun-10 2044-Oct-03
 17274 (2000 LC16),17274,,0,0,0,0,0,0,0,0,0,0,23197259271.931374,4639451854.386274,0,0,463945185438.62744,9278903.708772551,4082717631859.9214,816543.5263719844,0,0,0,0,0,0,0,0,0,0,4649547301.621419, 2018-Aug-17 2027-Aug-20
 17511 (1992 QN),17511,,0,0,0,0,0,0,0,0,0,0,11626170202.23387,2325234040.446774,0,0,232523404044.6774,4650468.080893548,2046205955593.1611,409241.19111863227,0,0,0,0,0,0,0,0,0,0,2330293749.7187862, 2017-Dec-15 2018-Apr-02 2018-Aug-20 2022-Jan-06 2027-Jul-12 2031-Mar-10 2031-Aug-31 2034-Dec-30 2040-Jun-28 2044-Feb-11 2049-Jul-29
 18736 (1998 NU),18736,,0,0,0.0,0.0,1.401092060937617e-19,1.4010920609376173e-44,0,0,0,0,0,0,0,0,0,0,0,0,0,0,0,0,0,0,0,0,0,0,0, 2019-Feb-26 2037-Feb-21
 18882 (1999 YN4),18882,,0,0,0.0,0.0,1.6535067320480723e-19,1.6535067320480726e-44,0,0,0,0,0,0,0,0,0,0,0,0,0,0,0,0,0,0,0,0,0,0,0, 2022-Jan-17 2033-Jan-21
 20255 (1998 FX2),20255,,0,0,0.0,0.0,5.0870578003906234e-21,5.087057800390625e-46,0,0,0,0,0,0,0,0,0,0,0,0,0,0,0,0,0,0,0,0,0,0,0, 2017-Mar-08 2039-Apr-25
 20425 (1998 VD35),20425,,0,0,0.0,0.0,2.4348189446515636e-22,2.434818944651564e-47,0,0,0,0,0,0,0,0,0,0,0,0,0,0,0,0,0,0,0,0,0,0,0, 2040-May-28 2042-May-12 2043-Dec-16 2044-Apr-02 2046-Feb-08 2047-Dec-29 2049-Dec-14
 20790 (2000 SE45),20790,,0,0,0.0,0.0,8.287164648192472e-20,8.287164648192473e-45,0,0,0,0,0,0,0,0,0,0,0,0,0,0,0,0,0,0,0,0,0,0,0, 2042-Jan-15
 22099 (2000 EX106),22099,,0,0,0.0,0.0,1.0432922167331755e-20,1.0432922167331757e-45,0,0,0,0,0,0,0,0,0,0,0,0,0,0,0,0,0,0,0,0,0,0,0, 2022-Apr-08 2022-Jul-22 2023-Jan-12 2029-Jun-06 2030-Jan-29 2030-Nov-22 2036-May-11 2037-Feb-13 2037-Nov-10 2043-Apr-29 2044-Mar-03 2044-Sep-23 2044-Nov-27
 22771 (1999 CU3),22771,,0,0,0.0,0.0,3.519384137164989e-20,3.51938413716499e-45,0,0,0,0,0,0,0,0,0,0,0,0,0,0,0,0,0,0,0,0,0,0,0, 2017-Apr-19 2019-Apr-12 2021-Apr-05 2023-Mar-31 2025-Mar-24
 23548 (1994 EF2),23548,,0,0,0,0,0,0,0,0,0,0,0,0,210255390116.1508,2123579.440173123,0,0,0,0,0,0,0,0,0,0,0,0,0,0,2123579.440173123, 2046-Feb-20
 24475 (2000 VN2),24475,,0,0,0.0,0.0,3.5110472703922876e-20,3.5110472703922883e-45,0,0,0,0,0,0,0,0,0,0,0,0,0,0,0,0,0,0,0,0,0,0,0, 2036-Dec-21
 25143 Itokawa (1998 SF36),25143,Itokawa,0,0,0.0,0.0,3.763313839735214e-22,3.7633138397352146e-47,0,0,0,0,0,0,0,0,0,0,0,0,0,0,0,0,0,0,0,0,0,0,0, 2030-Mar-06 2030-Sep-14 2033-Mar-23 2033-Aug-13 2036-Jun-11 2039-Jan-31 2039-Jul-17 2042-Jul-31
 25330 (1999 KV4),25330,,0,0,0,0,0,0,0,0,0,0,0,0,0,0,0,0,2389971961350.724,477994.39227014483,0,0,238997196.13507244,2389971.9613507246,238997196.13507244,17708258.250432055,56164341091.74202,205453729806.02692,0,0,205474306030.63098, 2023-Dec-14 2024-Apr-04 2025-Nov-30 2044-Nov-27 2045-Apr-09 2046-Dec-08 2047-Apr-25
 31345 (1998 PG),31345,,0,0,0.0,0.0,1.7638703997774246e-20,1.763870399777425e-45,0,0,0,0,0,0,0,0,0,0,0,0,0,0,0,0,0,0,0,0,0,0,0, 2018-Sep-24 2038-Sep-01 2041-Nov-11
 31346 (1998 PB1),31346,,0,0,0.0,0.0,2.0251941873556114e-20,2.0251941873556118e-45,0,0,0,0,0,0,0,0,0,0,0,0,0,0,0,0,0,0,0,0,0,0,0, 2024-Jul-23 2027-Jun-25
 32906 (1994 RH),32906,,0,0,0.0,0.0,1.8984797425704713e-19,1.8984797425704715e-44,0,0,0,0,0,0,0,0,0,0,0,0,0,0,0,0,0,0,0,0,0,0,0, 2048-Nov-06
 35107 (1991 VH),35107,,0,0,0.0,0.0,4.04079364252468e-20,4.040793642524681e-45,0,0,0,0,0,0,0,0,0,0,0,0,0,0,0,0,0,0,0,0,0,0,0, 2019-Jul-01 2020-Feb-13 2025-Aug-02 2026-Jan-05 2031-Apr-16 2031-Sep-23 2037-Feb-28 2042-Jul-15 2043-Jan-25 2048-Aug-22
 35396 (1997 XF11),35396,,0,0,0,0,0,0,0,0,0,0,15326277212.698565,3065255442.539713,0,0,306525544253.9713,6130510.885079427,2697424789434.9473,539484.9578869895,0,0,0,0,0,0,0,0,0,0,3071925438.3826795, 2021-Nov-18 2023-May-05 2028-Oct-26 2035-Jun-08 2040-Nov-04 2047-Jul-16
 35670 (1998 SU27),35670,,0,0,0.0,0.0,1.1129269834507815e-21,1.1129269834507818e-46,0,0,0,0,0,0,0,0,0,0,0,0,0,0,0,0,0,0,0,0,0,0,0, 2029-Sep-30 2032-Dec-21 2036-Feb-24
 36017 (1999 ND43),36017,,0,0,0.0,0.0,1.2778111465106202e-21,1.2778111465106204e-46,0,0,0,0,0,0,0,0,0,0,0,0,0,0,0,0,0,0,0,0,0,0,0, 2029-Aug-03 2029-Nov-23 2031-Aug-31 2031-Dec-26 2046-Sep-18
 36183 (1999 TX16),36183,,0,0,0.0,0.0,9.256923447169399e-20,9.256923447169401e-45,0,0,0,0,0,0,0,0,0,0,0,0,0,0,0,0,0,0,0,0,0,0,0, 2022-Nov-25 2024-Nov-13 2026-Nov-07
 36284 (2000 DM8),36284,,0,0,0.0,0.0,4.85810248403555e-19,4.858102484035551e-44,0,0,0,0,0,0,0,0,0,0,0,0,0,0,0,0,0,0,0,0,0,0,0, 2020-Aug-04 2029-Aug-22 2031-Mar-02 2038-Sep-08
 37336 (2001 RM),37336,,0,0,0.0,0.0,2.502683713656357e-19,2.5026837136563573e-44,0,0,0,0,0,0,0,0,0,0,0,0,0,0,0,0,0,0,0,0,0,0,0, 2028-Oct-24
 40267 (1999 GJ4),40267,,0,0,0.0,0.0,2.4348189446515625e-19,2.434818944651563e-44,0,0,0,0,0,0,0,0,0,0,0,0,0,0,0,0,0,0,0,0,0,0,0, 2017-Jan-28 2020-Feb-09 2034-Jan-29 2037-Feb-17
 53435 (1999 VM40),53435,,0,0,0.0,0.0,8.67772668552052e-19,8.677726685520523e-44,0,0,0,0,0,0,0,0,0,0,0,0,0,0,0,0,0,0,0,0,0,0,0, 2020-Nov-10 2027-Nov-10 2034-Nov-10 2041-Nov-10 2048-Nov-11
 54686 (2001 DU8),54686,,0,0,0.0,0.0,7.217818672546814e-20,7.217818672546815e-45,0,0,0,0,0,0,0,0,0,0,0,0,0,0,0,0,0,0,0,0,0,0,0, 2033-Sep-21
 54690 (2001 EB),54690,,0,0,0.0,0.0,2.325234040446774e-20,2.3252340404467744e-45,0,0,0,0,0,0,0,0,0,0,0,0,0,0,0,0,0,0,0,0,0,0,0, 2028-Apr-10
 55532 (2001 WG2),55532,,0,0,0.0,0.0,9.256923447169399e-20,9.256923447169401e-45,0,0,0,0,0,0,0,0,0,0,0,0,0,0,0,0,0,0,0,0,0,0,0, 2021-Jul-30 2030-Dec-22 2042-Dec-26 2050-May-16
 65679 (1989 UQ),65679,,0,0,0,0,0,0,0,0,0,0,0,0,0,0,0,0,6688300277.970482,1337.6600555940963,0,0,668830.0277970482,6688.300277970482,668830.0277970482,49556.29207959448,157175056.5323063,574959146.1295265,0,0,575016728.3819396, 2016-Aug-25 2017-May-30 2017-Oct-16 2018-Feb-02 2023-Aug-26 2024-May-30 2024-Oct-15 2025-Feb-02 2030-Aug-26 2031-Jun-03 2031-Oct-12 2032-Feb-07 2032-Nov-18 2037-Aug-29 2038-Jun-15 2038-Sep-29 2039-Feb-18 2039-Nov-21 2045-Jun-24 2045-Sep-22 2046-Feb-23 2046-Nov-22
 65706 (1992 NA),65706,,0,0,0,0,0,0,0,0,0,0,73509887.58756165,14701977.51751233,0,0,514569213.11293155,10291.38426225863,6101320669.767616,1220.2641339535232,0,0,36754943.793780826,367549.4379378082,36754943.793780826,2723320.805456396,8637411791.538492,31596355159.645283,7350988758.756165,73509887.58756165,31687669406.642147, 2029-Oct-27
 65803 Didymos (1996 GT),65803,Didymos,0,0,0,0,0,0,0,0,0,0,2484748461.577239,496949692.3154478,0,0,49694969231.544785,993899.3846308958,437315729237.59406,87463.14584751883,0,0,0,0,0,0,0,0,0,0,498031054.8459262, 2022-Oct-04 2041-Sep-01 2042-Jan-03 2043-Dec-05
 66391 (1999 KW4),66391,,0,0,0.0,0.0,3.241344846604201e-20,3.241344846604202e-45,0,0,0,0,0,0,0,0,0,0,0,0,0,0,0,0,0,0,0,0,0,0,0, 2017-May-31 2018-May-27 2019-May-25 2020-May-26 2021-May-31 2022-Jun-06 2031-Jun-06 2032-Jun-07 2033-Jun-06 2034-Jun-02 2035-May-29 2036-May-25 2037-May-26 2038-May-29 2039-Jun-04 2049-Jun-07 2050-Jun-08
 85774 (1998 UT18),85774,,0,0,0,0,0,0,0,0,0,0,1763379.3821846559,352675.8764369312,0,0,12343655.675292592,246.87311350585182,146360488.72132644,29.272097744265285,0,0,881689.6910923279,8816.89691092328,881689.6910923279,65327.915971794944,207197077.40669706,757943768.7798864,176337938.21846557,1763379.3821846559,760134244.9966019, 2018-Nov-17 2019-Apr-28 2023-Nov-12 2028-Nov-07
 85818 (1998 XM4),85818,,0,0,0.0,0.0,2.873465369295814e-19,2.873465369295814e-44,0,0,0,0,0,0,0,0,0,0,0,0,0,0,0,0,0,0,0,0,0,0,0, 2027-May-18 2042-May-05 2044-May-29
 85953 (1999 FK21),85953,,0,0,0.0,0.0,2.9142308285006418e-21,2.914230828500642e-46,0,0,0,0,0,0,0,0,0,0,0,0,0,0,0,0,0,0,0,0,0,0,0, 2018-Apr-06 2020-Mar-27 2021-Feb-16 2023-Mar-11 2025-Apr-08 2027-Mar-25 2028-Feb-16 2030-Mar-16 2032-Apr-07 2033-Feb-28 2035-Feb-17 2037-Mar-21 2039-Apr-07 2040-Feb-25 2042-Feb-20 2044-Mar-26 2046-Apr-04 2047-Feb-22 2049-Feb-25
 85989 (1999 JD6),85989,,0,0,0,0,0,0,0,0,0,0,31506921.248053793,6301384.249610759,0,0,220548448.73637655,4410.968974727531,2615074463.5884647,523.0148927176929,0,0,31506921.248053793,315069.21248053794,31506921.248053793,2334473.8229532973,7404126493.292641,27084897186.237236,3150692124.805379,31506921.248053793,27125359968.754204, 2018-May-02 2020-Jul-20 2023-Apr-27 2024-Jun-21 2025-Jul-16 2028-Apr-21 2029-Jun-30 2030-Jul-11 2033-Apr-18 2034-Jul-09 2035-Jul-05 2038-May-01 2039-Jul-19 2043-Mar-03 2043-May-16 2044-Jul-25 2048-May-26 2049-Jul-27
 85990 (1999 JV6),85990,,0,0,0,0,0,0,0,0,0,0,160485824.04758614,32097164.809517227,0,0,3209716480.951723,64194.32961903446,28245505032.37516,5649.101006475033,0,0,0,0,0,0,0,0,0,0,32167008.240142737, 2017-Jan-07 2018-Jan-10 2019-Jan-13 2020-Jan-16 2021-Jan-19 2022-Jan-22
 86039 (1999 NC43),86039,,0,0,0,0,0,0,0,0,0,0,0,0,2067131034887.4321,20878023.452363066,0,0,0,0,0,0,0,0,0,0,0,0,0,0,20878023.452363066, 2021-Mar-04 2028-Mar-05 2035-Mar-07 2042-Mar-09 2049-Mar-11
 86326 (1999 WK13),86326,,0,0,0.0,0.0,2.3900443916984103e-20,2.3900443916984106e-45,0,0,0,0,0,0,0,0,0,0,0,0,0,0,0,0,0,0,0,0,0,0,0, 2019-Dec-06 2024-Dec-07
 86450 (2000 CK33),86450,,0,0,0,0,0,0,0,0,0,0,2543528900.1953115,508705780.0390623,0,0,50870578003.906235,1017411.5600781247,447661086434.3748,89532.21728687498,0,0,0,0,0,0,0,0,0,0,509812723.81642735, 2019-Jan-16 2020-Jan-08 2021-Jan-10 2021-Oct-14 2022-Jan-31 2022-Sep-10 2023-Feb-22 2023-Aug-12 2024-Mar-17 2024-Jul-11 2025-Jun-03 2026-May-03 2039-Jan-17 2040-Jan-08 2041-Jan-10 2041-Oct-17 2042-Jan-30 2042-Sep-12 2043-Feb-20 2043-Aug-14 2044-Mar-16 2044-Jul-13 2045-Jun-06 2046-May-05
 86819 (2000 GK137),86819,,0,0,0.0,0.0,1.5362668956074177e-20,1.536266895607418e-45,0,0,0,0,0,0,0,0,0,0,0,0,0,0,0,0,0,0,0,0,0,0,0, 2031-Aug-05 2045-Oct-09 2048-Jun-02
 86829 (2000 GR146),86829,,0,0,0.0,0.0,1.6535067320480723e-19,1.6535067320480726e-44,0,0,0,0,0,0,0,0,0,0,0,0,0,0,0,0,0,0,0,0,0,0,0, 2023-Jan-31 2030-Apr-15 2031-Oct-11 2037-May-07 2038-Dec-03 2046-Jan-29
 89355 (2001 VS78),89355,,0,0,0.0,0.0,2.1797463917707566e-19,2.1797463917707568e-44,0,0,0,0,0,0,0,0,0,0,0,0,0,0,0,0,0,0,0,0,0,0,0, 2021-Jan-28 2033-Feb-12 2045-May-27
 96590 (1998 XB),96590,,0,0,0.0,0.0,1.0924610641006134e-19,1.0924610641006136e-44,0,0,0,0,0,0,0,0,0,0,0,0,0,0,0,0,0,0,0,0,0,0,0, 2016-Nov-15 2017-Jun-28 2018-Feb-19 2022-Nov-17 2023-Aug-05 2024-Jan-03 2024-May-04 2025-Feb-07 2029-Nov-28 2030-Jun-12 2031-Feb-21 2035-Nov-13 2036-Jul-18 2037-Jan-20 2037-Apr-11 2041-Nov-23 2042-Sep-01 2042-Dec-14 2043-May-27 2044-Feb-16 2048-Nov-14 2049-Jul-02 2050-Feb-14
 98943 (2001 CC21),98943,,23526900308.47812,1176345015.423906,0.0,0.0,3.360985758354017e-21,3.3609857583540176e-46,0,0,0,0,0,0,0,0,0,0,0,0,0,0,0,0,0,0,0,0,0,0,1176345015.423906, 2022-Feb-22 2023-Mar-21 2023-Dec-28 2024-Jun-07 2024-Nov-19 2025-Aug-28 2026-Sep-22 2043-Feb-17 2044-Mar-01 2045-Jan-17 2045-May-09 2045-Dec-07 2046-Jul-10 2046-Oct-27 2047-Sep-16 2048-Sep-29
 99907 (1989 VA),99907,,0,0,0.0,0.0,2.873510080483463e-20,2.873510080483464e-45,0,0,0,0,0,0,0,0,0,0,0,0,0,0,0,0,0,0,0,0,0,0,0, 2017-Nov-12 2020-Oct-25 2022-Nov-20 2025-Oct-24 2027-Nov-26 2030-Oct-28 2032-Nov-26 2035-Nov-04 2037-Nov-25 2038-Oct-29 2040-Nov-11 2042-Nov-21 2043-Oct-26 2045-Nov-19 2048-Oct-24 2050-Nov-25
 99942 Apophis (2004 MN4),99942,Apophis,0,0,0.0,0.0,3.594832843717071e-22,3.5948328437170715e-47,0,0,0,0,0,0,0,0,0,0,0,0,0,0,0,0,0,0,0,0,0,0,0, 2020-Jan-05 2020-Oct-12 2021-Mar-06 2027-Dec-29 2028-Sep-12 2029-Apr-13 2029-Nov-26 2036-Mar-28 2037-Sep-25
100756 (1998 FM5),100756,,0,0,0.0,0.0,9.5149381027631e-20,9.514938102763102e-45,0,0,0,0,0,0,0,0,0,0,0,0,0,0,0,0,0,0,0,0,0,0,0, 2021-Dec-15 2039-Feb-14
100926 (1998 MQ),100926,,0,0,0.0,0.0,5.47527538562094e-20,5.475275385620942e-45,0,0,0,0,0,0,0,0,0,0,0,0,0,0,0,0,0,0,0,0,0,0,0, 2029-Nov-01 2041-Oct-19 2048-Nov-12
136564 (1977 VA),136564,,0,0,0,0,0,0,3351032.1638291134,6702064.327658227,0,0,335103216.3829113,67020643.27658226,0,0,6702064327.658226,134041.28655316454,58978166083.39239,11795.63321667848,0,0,0,0,0,0,0,0,0,0,73868544.52401033, 2028-Oct-24 2033-Oct-26
136745 (1995 WL8),136745,,0,0,0.0,0.0,6.706048224790877e-21,6.706048224790878e-46,0,0,0,0,0,0,0,0,0,0,0,0,0,0,0,0,0,0,0,0,0,0,0, 2035-Nov-04 2046-Nov-12
136793 (1997 AQ18),136793,,0,0,0,0,0,0,0,0,0,0,5325320.598950003,1065064.1197900006,0,0,37277244.19265002,745.5448838530004,442001609.7128502,88.40032194257005,0,0,2662660.2994750016,26626.602994750014,2662660.2994750016,197287.15222930076,625725170.3766253,2288953588.4948087,532532059.8950003,5325320.598950003,2295568720.9139786, 2017-Jul-07 2018-Dec-22 2022-May-11 2023-Dec-21 2028-Aug-16 2033-Jun-14 2034-Dec-16 2038-May-01 2039-Sep-30 2039-Dec-31 2044-Jul-31 2045-Dec-30 2049-May-31 2050-Dec-14
136795 (1997 BQ),136795,,0,0,0.0,0.0,7.914180798162714e-21,7.914180798162715e-46,0,0,0,0,0,0,0,0,0,0,0,0,0,0,0,0,0,0,0,0,0,0,0, 2020-May-21 2027-Feb-21 2050-May-31
136993 (1998 ST49),136993,,0,0,0,0,0,0,0,0,0,0,0,0,183124789383.17944,1849560.3727701127,0,0,0,0,0,0,0,0,0,0,0,0,0,0,1849560.3727701127, 2019-Oct-30 2026-Nov-08 2033-Nov-24 2041-Jan-17
137052 Tjelvar (1998 VO33),137052,Tjelvar,0,0,0.0,0.0,3.6174785733170054e-20,3.617478573317006e-45,0,0,0,0,0,0,0,0,0,0,0,0,0,0,0,0,0,0,0,0,0,0,0, 2018-Feb-12 2023-Nov-28 2025-Feb-05 2030-Nov-21 2032-Jan-29 2037-Nov-14 2039-Jan-21 2044-Nov-08
137062 (1998 WM),137062,,0,0,0.0,0.0,4.6394518543862746e-20,4.6394518543862753e-45,0,0,0,0,0,0,0,0,0,0,0,0,0,0,0,0,0,0,0,0,0,0,0, 2018-May-23 2022-Jul-09 2033-Mar-12 2036-Dec-30 2037-May-01 2041-Jun-17
137064 (1998 WP5),137064,,0,0,0.0,0.0,1.934045434178318e-21,1.9340454341783185e-46,0,0,0,0,0,0,0,0,0,0,0,0,0,0,0,0,0,0,0,0,0,0,0, 2020-Apr-11 2027-Nov-29 2028-Mar-30 2035-Nov-10 2041-May-02 2043-Oct-22 2049-Apr-13
137126 (1999 CF9),137126,,0,0,0,0,0,0,0,0,0,0,0,0,120989348513.23764,1221992.4199837002,0,0,0,0,0,0,0,0,0,0,0,0,0,0,1221992.4199837002, 2025-Mar-08 2032-May-02 2039-Jul-04 2046-Aug-23
137158 (1999 FB),137158,,0,0,0,0,0,0,0,0,0,0,0,0,138914358658.0223,1403035.0224460254,0,0,0,0,0,0,0,0,0,0,0,0,0,0,1403035.0224460254, 2016-Dec-15 2020-Sep-16 2022-Mar-05 2024-Jun-19 2029-Jul-01 2029-Aug-26 2031-Feb-27 2038-Jul-13 2040-Feb-21 2047-Jul-08 2049-Feb-20
137170 (1999 HF1),137170,,0,0,0,0,0,0,0,0,0,0,422120726145.3192,84424145229.06384,0,0,8442414522906.385,168848290.4581277,74293247801576.19,14858649.560315238,0,0,0,0,0,0,0,0,0,0,84607852169.08229, 2017-Jun-22 2019-Mar-27 2022-Mar-16 2025-Mar-03 2025-Sep-13 2028-Feb-11 2028-Aug-23 2031-Aug-02 2034-Jul-13 2037-Jun-27 2039-Mar-31 2042-Mar-20 2045-Mar-08 2048-Feb-22 2048-Aug-31
137799 (1999 YB),137799,,0,0,0.0,0.0,3.360985758354017e-21,3.3609857583540176e-46,0,0,0,0,0,0,0,0,0,0,0,0,0,0,0,0,0,0,0,0,0,0,0, 2017-Sep-05 2020-Aug-09 2023-Jul-06 2026-May-28 2029-Apr-26 2032-Mar-26 2035-Feb-23 2038-Jan-25 2041-Jan-01 2043-Dec-11 2046-Nov-22 2049-Nov-03
137805 (1999 YK5),137805,,0,0,0,0,0,0,0,0,0,0,23197259271.931374,4639451854.386274,0,0,463945185438.62744,9278903.708772551,4082717631859.9214,816543.5263719844,0,0,0,0,0,0,0,0,0,0,4649547301.621419, 2019-Feb-19 2022-Feb-09 2025-Jan-25 2025-Apr-05 2028-Jan-12 2030-Dec-29 2033-Oct-04 2033-Dec-13 2036-Nov-10 2038-Jan-28 2039-Nov-11 2041-Feb-03 2042-Nov-16 2044-Feb-09 2045-Nov-22 2047-Feb-14 2048-Nov-27 2050-Feb-18
137925 (2000 BJ19),137925,,0,0,0,0,0,0,0,0,0,0,0,0,1917551948189.354,19367274.676712476,0,0,0,0,0,0,0,0,0,0,0,0,0,0,19367274.676712476, 2016-Dec-20 2018-Mar-11 2019-Dec-06 2040-Mar-15 2041-Dec-10 2043-Mar-03
138205 (2000 EZ148),138205,,0,0,0.0,0.0,6.582728865868171e-19,6.582728865868173e-44,0,0,0,0,0,0,0,0,0,0,0,0,0,0,0,0,0,0,0,0,0,0,0, 2025-Jul-10 2050-Aug-21
138258 (2000 GD2),138258,,0,0,0.0,0.0,1.4671234954552484e-21,1.4671234954552487e-46,0,0,0,0,0,0,0,0,0,0,0,0,0,0,0,0,0,0,0,0,0,0,0, 2025-Mar-21 2027-Mar-18 2029-Mar-15 2031-Mar-14 2033-Mar-15 2035-Mar-18 2037-Mar-22 2039-Mar-28 2041-Apr-02 2043-Apr-07 2045-Apr-09
138325 (2000 GO82),138325,,0,0,0.0,0.0,5.47527538562094e-20,5.475275385620942e-45,0,0,0,0,0,0,0,0,0,0,0,0,0,0,0,0,0,0,0,0,0,0,0, 2022-Dec-05
138524 (2000 OJ8),138524,,0,0,0.0,0.0,4.04079364252468e-20,4.040793642524681e-45,0,0,0,0,0,0,0,0,0,0,0,0,0,0,0,0,0,0,0,0,0,0,0, 2030-Jan-01 2040-Sep-26
138893 (2000 YH66),138893,,0,0,0,0,0,0,0,0,0,0,2920361918.1412225,584072383.6282445,0,0,58407238362.824455,1168144.7672564893,513983697592.85516,102796.73951857105,0,0,0,0,0,0,0,0,0,0,585343325.1350195, 2021-Oct-01 2024-Jan-07 2026-Oct-17 2029-Jan-20 2037-Dec-31 2040-Oct-10 2043-Jan-18
138911 (2001 AE2),138911,,0,0,0,0,0,0,0,0,0,0,0,0,0,0,0,0,5290138146.553967,1058.0276293107934,0,0,0,0,0,0,0,0,0,0,1058.0276293107934, 2017-Sep-11 2020-Jun-09 2023-Feb-13 2025-Nov-28 2028-Sep-23 2031-Jun-30 2034-Mar-03 2036-Dec-10 2039-Oct-07 2042-Jul-20 2045-Mar-23 2047-Dec-24 2050-Oct-19
139056 (2001 FY),139056,,0,0,0.0,0.0,4.649624147956171e-22,4.649624147956171e-47,0,0,0,0,0,0,0,0,0,0,0,0,0,0,0,0,0,0,0,0,0,0,0, 2045-Apr-13
139622 (2001 QQ142),139622,,0,0,0.0,0.0,3.8589279702536254e-21,3.858927970253626e-46,0,0,0,0,0,0,0,0,0,0,0,0,0,0,0,0,0,0,0,0,0,0,0, 2023-Dec-06 2029-Jan-18 2040-Sep-26 2041-Feb-20 2045-Dec-17
141052 (2001 XR1),141052,,0,0,0.0,0.0,1.5362668956074177e-20,1.536266895607418e-45,0,0,0,0,0,0,0,0,0,0,0,0,0,0,0,0,0,0,0,0,0,0,0, 2020-May-23 2023-Jan-10 2024-Sep-06 2027-Apr-19 2031-Aug-17 2034-Feb-01 2038-Jul-10 2041-Jan-27 2045-Jun-04 2048-Jan-15 2049-Sep-12
141079 (2001 XS30),141079,,0,0,0,0,0,0,50750073.61593948,101500147.23187897,0,0,5075007361.593948,1015001472.3187897,0,0,101500147231.87897,2030002.9446375796,893201295640.5349,178640.259128107,0,0,0,0,0,0,0,0,0,0,1118710262.7544343, 2018-Oct-29 2021-Jan-13 2023-Nov-03 2028-Nov-08 2033-Nov-15 2044-Dec-28 2050-Jan-04
152560 (1991 BN),152560,,0,0,0,0,0,0,0,0,0,0,0,0,30391150288.75852,306950.6179164611,0,0,0,0,0,0,0,0,0,0,0,0,0,0,306950.6179164611, 2028-Nov-19 2035-Sep-17 2042-Jul-03 2049-Jun-11
152563 (1992 BF),152563,,0,0,0,0,0,0,2788923.980324209,5577847.960648418,0,0,278892398.03242093,55778479.60648418,0,0,5577847960.648418,111556.95921296839,49085062053.706085,9817.012410741218,0,0,0,0,0,0,0,0,0,0,61477701.5387563, 2016-Nov-17 2017-Jul-06 2018-Mar-03 2022-Nov-28 2023-Aug-18 2024-Feb-09 2029-Dec-08 2030-Jun-16 2031-Feb-27 2035-Nov-23 2036-Jul-31 2037-Feb-28 2042-Sep-23 2043-Jan-02 2043-May-29 2044-Feb-22 2048-Nov-18 2049-Jul-14 2050-Mar-04
152679 (1998 KU2),152679,,0,0,0,0,0,0,0,0,0,0,40407936.4252468,8081587.285049361,0,0,282855554.9767276,5657.1110995345525,3353858723.295484,670.7717446590968,0,0,40407936.4252468,404079.364252468,40407936.4252468,2993985.6414922364,9495865059.932997,34736647067.774826,4040793642.5246797,40407936.4252468,34788540984.37371, 2025-Oct-15 2042-Jul-31
152756 (1999 JV3),152756,,0,0,0.0,0.0,3.0088876200252646e-21,3.008887620025265e-46,0,0,0,0,0,0,0,0,0,0,0,0,0,0,0,0,0,0,0,0,0,0,0, 2020-Jun-02 2027-May-31 2034-May-27 2041-May-24 2048-May-19
152931 (2000 EA107),152931,,0,0,0,0,0,0,0,0,0,0,0,0,2201644213722.0083,22236606.558592282,0,0,0,0,0,0,0,0,0,0,0,0,0,0,22236606.558592282, 2016-Nov-25 2019-Apr-29 2024-Dec-22 2025-Nov-04 2027-Jun-01 2028-Apr-17 2033-Dec-09 2034-Oct-09 2036-May-10 2037-Apr-06 2042-Nov-23 2045-Apr-27 2050-Dec-21
152978 (2000 GJ147),152978,,0,0,0.0,0.0,9.963363320340494e-22,9.963363320340496e-47,0,0,0,0,0,0,0,0,0,0,0,0,0,0,0,0,0,0,0,0,0,0,0, 2020-Jun-10 2020-Nov-08 2025-Jun-20 2025-Nov-06 2030-Jul-12 2030-Nov-05 2035-Nov-04 2040-Nov-04 2045-Nov-04 2050-Nov-06
153002 (2000 JG5),153002,,0,0,0.0,0.0,6.892963319529295e-21,6.892963319529296e-46,0,0,0,0,0,0,0,0,0,0,0,0,0,0,0,0,0,0,0,0,0,0,0, 2017-May-11 2028-Apr-13 2031-May-04 2045-Apr-26 2046-Sep-03
153201 (2000 WO107),153201,,0,0,0,0,0,0,0,0,0,0,556463491.7253907,111292698.34507814,0,0,11129269834.507814,222585.3966901563,97937574543.66876,19587.514908733756,0,0,0,0,0,0,0,0,0,0,111534871.25667703, 2017-Feb-03 2018-Jan-26 2020-Nov-29 2024-Feb-10 2026-Dec-18 2027-Nov-28 2031-Feb-06 2033-Dec-08 2034-Dec-06 2037-Feb-02 2038-Jan-27 2040-Nov-29 2044-Feb-10 2046-Dec-18 2047-Nov-28
153953 (2002 AD9),153953,,282855554976.7276,14142777748.83638,0.0,0.0,4.04079364252468e-20,4.040793642524681e-45,0,0,0,0,0,0,0,0,0,0,0,0,0,0,0,0,0,0,0,0,0,0,14142777748.83638, 2042-Feb-04
161989 Cacus (1978 CA),161989,Cacus,0,0,0.0,0.0,9.732596444955861e-20,9.732596444955864e-45,0,0,0,0,0,0,0,0,0,0,0,0,0,0,0,0,0,0,0,0,0,0,0, 2016-Sep-12 2022-Feb-23 2022-Sep-01 2028-Mar-07 2028-Aug-23 2034-Mar-06 2035-Sep-21 2041-Sep-08 2047-Mar-02 2047-Aug-29
162011 Konnohmaru (1994 AB1),162011,Konnohmaru,0,0,0.0,0.0,4.6394518543862746e-20,4.6394518543862753e-45,0,0,0,0,0,0,0,0,0,0,0,0,0,0,0,0,0,0,0,0,0,0,0, 2050-Dec-05
162142 (1998 VR),162142,,0,0,0.0,0.0,2.9272962218872656e-21,2.9272962218872663e-46,0,0,0,0,0,0,0,0,0,0,0,0,0,0,0,0,0,0,0,0,0,0,0, 2016-Oct-31 2017-Mar-13 2020-Oct-04 2021-May-14 2021-Nov-29 2025-Jul-29 2025-Oct-26 2026-Mar-21 2029-Oct-05 2030-May-19 2030-Nov-28 2034-Oct-23 2035-Mar-26 2039-May-23 2039-Nov-27 2043-Oct-22 2044-Mar-28 2048-May-24 2048-Nov-26
162157 (1999 CV8),162157,,0,0,0.0,0.0,8.67772668552052e-22,8.677726685520523e-47,0,0,0,0,0,0,0,0,0,0,0,0,0,0,0,0,0,0,0,0,0,0,0, 2027-Feb-04 2029-Jul-22 2030-Jan-22 2032-Aug-18 2032-Nov-13 2033-Jan-17 2035-Aug-23 2038-Aug-12
162173 Ryugu (1999 JU3),162173,Ryugu,0,0,0,0,0,0,0,0,0,0,2555622.2930212403,511124.4586042481,0,0,17889356.051148683,357.7871210229737,212116650.32076293,42.42333006415259,0,0,1277811.1465106201,12778.111465106202,1277811.1465106201,94678.1390895579,300285619.4299957,1098469230.1157773,255562229.30212402,2555622.2930212403,1101643833.3284085, 2020-Dec-29 2025-Jun-03 2029-Jul-31 2033-Dec-21 2038-May-31 2042-Jul-22 2046-Oct-16 2047-Feb-16 2050-Nov-02
162385 (2000 BM19),162385,,0,0,0,0,0,0,4823659962.817031,9647319925.634062,0,0,0,0,11441721431.801998,115561.38646120018,0,0,0,0,0,0,0,0,0,0,0,0,0,0,9647435487.020523, 2017-Oct-03 2018-Feb-23 2021-Jan-23 2021-Jun-22 2023-Jan-13 2024-Oct-10 2025-Feb-25 2030-Jan-10 2031-Oct-23 2032-Feb-29 2037-Jan-14 2037-May-26 2039-Mar-01 2044-Jan-23 2044-Jun-19 2046-Jan-13 2047-Oct-15 2048-Feb-27
162567 (2000 RW37),162567,,0,0,0,0,0,0,0,0,0,0,670418.142796908,134083.62855938164,0,0,4692926.999578357,93.85853999156713,55644705.85214337,11.128941170428673,0,0,335209.071398454,3352.0907139845403,335209.071398454,24836.98093619705,78774131.7786367,288162183.89735585,67041814.2796908,670418.142796908,288994979.7278435, 2021-Oct-25 2022-Apr-25 2032-Aug-26 2033-Mar-20 2039-Sep-11 2040-Mar-08 2046-Sep-29 2047-Feb-23
162740 (2000 WF6),162740,,0,0,0.0,0.0,3.8589279702536254e-21,3.858927970253626e-46,0,0,0,0,0,0,0,0,0,0,0,0,0,0,0,0,0,0,0,0,0,0,0, 2027-Dec-18
162998 (2001 SK162),162998,,0,0,0,0,0,0,0,0,0,0,0,0,0,0,0,0,31876234518.637238,6375.246903727448,0,0,0,0,0,0,0,0,0,0,6375.246903727448, 2018-Mar-05
163014 (2001 UA5),163014,,0,0,0.0,0.0,1.3380325305289196e-20,1.3380325305289197e-45,0,0,0,0,0,0,0,0,0,0,0,0,0,0,0,0,0,0,0,0,0,0,0, 2021-Feb-03 2032-Dec-17 2044-Nov-10
171839 (2001 JM1),171839,,0,0,0.0,0.0,1.987952336341862e-21,1.9879523363418622e-46,0,0,0,0,0,0,0,0,0,0,0,0,0,0,0,0,0,0,0,0,0,0,0, 2024-Apr-12 2031-May-12
175706 (1996 FG3),175706,,0,0,0,0,0,0,0,0,0,0,5325320.598950003,1065064.1197900006,0,0,37277244.19265002,745.5448838530004,442001609.7128502,88.40032194257005,0,0,2662660.2994750016,26626.602994750014,2662660.2994750016,197287.15222930076,625725170.3766253,2288953588.4948087,532532059.8950003,5325320.598950003,2295568720.9139786, 2021-Apr-12 2022-May-03 2023-Mar-08 2023-Aug-06 2024-Jan-28 2024-Nov-25 2025-Dec-10 2034-Apr-13 2035-May-05 2036-Mar-04 2036-Aug-11 2037-Jan-23 2037-Nov-22 2038-Dec-13 2047-Apr-16 2048-May-05 2049-Feb-27 2049-Aug-21 2050-Jan-17 2050-Nov-24
175729 (1998 BB10),175729,,0,0,0.0,0.0,2.795546188990901e-22,2.7955461889909013e-47,0,0,0,0,0,0,0,0,0,0,0,0,0,0,0,0,0,0,0,0,0,0,0, 2018-Jan-29 2020-Nov-02 2021-Jan-21 2023-Jul-10 2031-Jan-02 2033-Jul-21 2041-Jan-11 2043-Aug-11
189040 (2000 MU1),189040,,0,0,0.0,0.0,6.582728865868191e-22,6.5827288658681925e-47,0,0,0,0,0,0,0,0,0,0,0,0,0,0,0,0,0,0,0,0,0,0,0, 2021-Jan-26 2029-Feb-19 2029-Jul-14 2037-Jun-19 2045-Jun-26 2050-Jan-09
192563 (1998 WZ6),192563,,0,0,0.0,0.0,2.3900443916984103e-20,2.3900443916984106e-45,0,0,0,0,0,0,0,0,0,0,0,0,0,0,0,0,0,0,0,0,0,0,0, 2019-Dec-25 2020-Apr-20 2026-Dec-25 2027-Apr-15 2033-Dec-25 2040-Dec-25 2047-Dec-26
194006 (2001 SG10),194006,,0,0,0,0,0,0,0,0,0,0,121740947.23257816,24348189.446515635,0,0,2434818944.651563,48696.37889303127,21426406712.933758,4285.281342586752,0,0,0,0,0,0,0,0,0,0,24401171.106751256, 2022-Jun-03 2029-May-03 2036-Apr-22 2043-Apr-13 2048-Oct-10 2050-Apr-05
194268 (2001 UY4),194268,,0,0,0,0,0,0,0,0,0,0,2543528900.1953115,508705780.0390623,0,0,50870578003.906235,1017411.5600781247,447661086434.3748,89532.21728687498,0,0,0,0,0,0,0,0,0,0,509812723.81642735, 2019-Jan-28 2022-Oct-22 2026-Jan-29 2029-Oct-22 2033-Jan-29 2036-Oct-22 2040-Jan-30 2043-Oct-23 2047-Jan-30 2050-Oct-22
194386 (2001 VG5),194386,,0,0,0.0,0.0,3.065255442539713e-20,3.0652554425397135e-45,0,0,0,0,0,0,0,0,0,0,0,0,0,0,0,0,0,0,0,0,0,0,0, 2023-Apr-30 2030-Apr-15 2037-Mar-08 2044-Feb-20
200754 (2001 WA25),200754,,0,0,0.0,0.0,3.966486380657245e-21,3.9664863806572456e-46,0,0,0,0,0,0,0,0,0,0,0,0,0,0,0,0,0,0,0,0,0,0,0, 2022-Aug-07 2022-Dec-01 2029-Jul-25 2036-Jul-18 2043-Jul-12 2050-Jul-05
200840 (2001 XN254),200840,,0,0,0.0,0.0,1.5790866700424396e-20,1.5790866700424397e-45,0,0,0,0,0,0,0,0,0,0,0,0,0,0,0,0,0,0,0,0,0,0,0, 2041-Feb-10 2048-May-09
203015 (1999 YF3),203015,,0,0,0.0,0.0,3.8589279702536254e-21,3.858927970253626e-46,0,0,0,0,0,0,0,0,0,0,0,0,0,0,0,0,0,0,0,0,0,0,0, 2020-Jan-22 2029-Jan-10 2049-Jan-19
205744 (2002 BK25),205744,,0,0,0.0,0.0,5.0870578003906234e-21,5.087057800390625e-46,0,0,0,0,0,0,0,0,0,0,0,0,0,0,0,0,0,0,0,0,0,0,0, 2040-Sep-24 2047-Sep-08
207970 (1996 BZ3),207970,,0,0,0,0,0,0,0,0,0,0,2920361918.1412225,584072383.6282445,0,0,58407238362.824455,1168144.7672564893,513983697592.85516,102796.73951857105,0,0,0,0,0,0,0,0,0,0,585343325.1350195, 2025-Dec-21
208023 (1999 AQ10),208023,,0,0,0.0,0.0,3.2991796700028686e-22,3.299179670002869e-47,0,0,0,0,0,0,0,0,0,0,0,0,0,0,0,0,0,0,0,0,0,0,0, 2016-Oct-18 2017-Jul-10 2018-Jan-31 2019-Feb-04 2025-Oct-26 2026-Aug-09 2026-Dec-23 2027-May-04 2028-Feb-11 2034-Nov-01 2035-Sep-11 2035-Nov-17 2036-May-29 2037-Feb-15 2044-Oct-06 2045-Jun-09 2046-Feb-17
215188 (2000 NM),215188,,0,0,0.0,0.0,2.4348189446515625e-19,2.434818944651563e-44,0,0,0,0,0,0,0,0,0,0,0,0,0,0,0,0,0,0,0,0,0,0,0, 2022-Jul-23 2044-Nov-02
219071 (1997 US9),219071,,0,0,0,0,0,0,0,0,0,0,0,0,419514656417.8362,4237098.029820146,0,0,0,0,0,0,0,0,0,0,0,0,0,0,4237098.029820146, 2023-Jan-02 2023-Nov-30 2024-Mar-21 2024-Oct-25 2025-May-22 2025-Sep-21 2026-Aug-14 2037-Feb-10 2037-Nov-10 2038-Apr-23 2038-Oct-09 2039-Jul-05 2039-Aug-21 2050-Jan-02 2050-Nov-30
222165 (2000 AX93),222165,,0,0,0.0,0.0,1.0150014723187897e-20,1.01500147231879e-45,0,0,0,0,0,0,0,0,0,0,0,0,0,0,0,0,0,0,0,0,0,0,0, 2023-Jan-26
228368 (2000 WK10),228368,,0,0,0,0,0,0,0,0,0,0,1929463985.1268125,385892797.0253625,0,0,38589279702.53625,771785.5940507251,339585661382.319,67917.1322764638,0,0,0,0,0,0,0,0,0,0,386732499.7516897, 2020-May-07 2029-May-01 2038-Apr-27 2047-Apr-25
276049 (2002 CE26),276049,,0,0,0,0,0,0,0,0,0,0,619600611.104247,123920122.2208494,0,0,4337204277.729729,86744.08555459457,51426850721.65249,10285.370144330498,0,0,309800305.5521235,3098003.055521235,309800305.5521235,22954343.839579035,72803071804.74901,266319560647.7246,61960061110.42469,619600611.104247,267089230757.4005, 2024-Sep-11 2034-Sep-15 2044-Sep-18
283460 (2001 PD1),283460,,0,0,0,0,0,0,0,0,0,0,6003520.078212816,1200704.0156425633,0,0,42024640.54748972,840.4928109497944,498292166.49166375,99.65843329833274,0,0,6003520.078212816,60035.200782128166,6003520.078212816,444824.8166751004,1410827218.3800118,5160920763.844842,600352007.8212817,6003520.078212816,5168630788.107399, 2021-Oct-03 2031-Sep-23 2041-Sep-01
302311 (2002 AA),302311,,0,0,0.0,0.0,1.1129269834507815e-21,1.1129269834507818e-46,0,0,0,0,0,0,0,0,0,0,0,0,0,0,0,0,0,0,0,0,0,0,0, 2017-Dec-26 2022-Aug-07 2023-Feb-12 2027-Jun-20 2029-Jan-07 2033-May-03 2033-Dec-31 2038-Jul-19 2039-Feb-20 2043-Jun-15 2045-Jan-03 2049-May-14 2049-Oct-20 2050-Jan-11
307161 (2002 DY3),307161,,0,0,0,0,0,0,0,0,0,0,1929463985.1268125,385892797.0253625,0,0,38589279702.53625,771785.5940507251,339585661382.319,67917.1322764638,0,0,0,0,0,0,0,0,0,0,386732499.7516897, 2022-Mar-19 2033-Mar-10 2044-Mar-13
308635 (2005 YU55),308635,,0,0,0,0,0,0,0,0,0,0,1340412.8655316452,268082.5731063291,0,0,9382890.058721518,187.65780117443035,111254267.83912656,22.25085356782531,0,0,670206.4327658226,6702.064327658227,670206.4327658226,49658.27542935086,157498511.6999683,576142371.452381,134041286.55316453,1340412.8655316452,577807437.1394308, 2016-Nov-01 2020-Apr-02 2021-Oct-03 2026-Sep-07 2026-Nov-29 2031-Sep-13 2031-Nov-22 2035-Apr-04 2036-Oct-31 2040-Apr-14 2041-Nov-12 2045-Apr-25 2046-Nov-22 2050-Apr-16 2050-Jun-09
310402 (1999 EE5),310402,,0,0,0.0,0.0,4.5541357025696924e-21,4.554135702569694e-46,0,0,0,0,0,0,0,0,0,0,0,0,0,0,0,0,0,0,0,0,0,0,0, 2027-Mar-19 2040-Mar-17
322775 (2001 HA8),322775,,0,0,0,0,0,0,0,0,0,0,27947679.78550744,5589535.9571014885,0,0,195633758.49855208,3912.6751699710417,2319657422.1971173,463.93148443942346,0,0,13973839.89275372,139738.3989275372,13973839.89275372,1035377.693013694,3283852374.797124,12012599194.075615,2794767978.5507436,27947679.78550744,12047315902.516819, 2038-Jun-07 2049-Jun-10
337866 (2001 WL15),337866,,0,0,0.0,0.0,2.549568426279812e-21,2.5495684262798123e-46,0,0,0,0,0,0,0,0,0,0,0,0,0,0,0,0,0,0,0,0,0,0,0, 2030-Jan-17 2044-Jan-08
344074 (1997 UH9),344074,,0,0,0.0,0.0,2.549568426279812e-21,2.5495684262798123e-46,0,0,0,0,0,0,0,0,0,0,0,0,0,0,0,0,0,0,0,0,0,0,0, 2016-Dec-02 2019-Nov-28 2022-Nov-20 2025-Nov-11 2028-Nov-02 2031-Oct-26 2034-Oct-18 2037-Oct-12 2040-Oct-10 2041-Nov-29 2043-Oct-13 2044-Dec-02 2047-Dec-02 2050-Nov-26
350513 (2000 BG19),350513,,0,0,0,0,0,0,0,0,0,0,29034772092.07282,5806954418.414563,0,0,580695441841.4564,11613908.83682913,5110119888204.815,1022023.9776409633,0,0,0,0,0,0,0,0,0,0,5819590351.229033, 2048-May-04
353938 (1998 QR15),353938,,0,0,0.0,0.0,5.8407238362824454e-21,5.840723836282446e-46,0,0,0,0,0,0,0,0,0,0,0,0,0,0,0,0,0,0,0,0,0,0,0, 2021-Sep-28 2044-Sep-21
354127 (2002 BP26),354127,,0,0,0,0,0,0,0,0,0,0,638905573.25531,127781114.65106201,0,0,12778111465.106201,255562.22930212406,112447380892.93457,22489.476178586916,0,0,0,0,0,0,0,0,0,0,128059166.35654272, 2033-Feb-16 2044-Mar-01
354182 (2002 DU3),354182,,0,0,0.0,0.0,1.608668923816062e-22,1.6086689238160622e-47,0,0,0,0,0,0,0,0,0,0,0,0,0,0,0,0,0,0,0,0,0,0,0, 2018-Mar-02 2018-Nov-15 2024-Jan-10 2024-Aug-22 2029-Mar-12 2029-Oct-28 2034-Dec-22 2035-Aug-28 2040-Mar-27 2040-Oct-11 2045-Dec-04 2046-Sep-05
357022 (1999 YG3),357022,,0,0,0.0,0.0,1.987952336341862e-21,1.9879523363418622e-46,0,0,0,0,0,0,0,0,0,0,0,0,0,0,0,0,0,0,0,0,0,0,0, 2019-Jan-03 2029-Jul-11 2032-Jan-25 2032-Jul-05 2035-Jan-08 2045-Jul-14 2048-Jan-26 2048-Jul-05
363067 (2000 CO101),363067,,0,0,0,0,0,0,0,0,0,0,733561747.7276242,146712349.54552484,0,0,14671234954.552485,293424.6990910497,129106867600.06186,25821.373520012374,0,0,0,0,0,0,0,0,0,0,147031595.6181359, 2018-Sep-04 2019-Apr-11 2019-Sep-14 2020-Feb-19 2028-Sep-15 2029-Mar-09 2038-Sep-19 2039-Feb-24 2047-Sep-08 2048-Mar-28 2049-Feb-19
370061 (2000 YO29),370061,,0,0,0,0,0,0,0,0,0,0,18464848.92129909,3692969.784259818,0,0,129253942.44909362,2585.0788489818724,1532582460.4678242,306.5164920935648,0,0,9232424.460649544,92324.24460649544,9232424.460649544,684067.2579873673,2169619748.2526426,7936645581.067081,1846484892.1299088,18464848.92129909,7959582682.870575, 2018-Jun-04 2027-Dec-24 2040-Jun-10 2049-Dec-26
380188 (2000 WC67),380188,,0,0,0,0,0,0,0,0,0,0,1463648110.9436328,292729622.18872654,0,0,29272962218.872658,585459.2443774532,257602067526.07938,51520.41350521588,0,0,0,0,0,0,0,0,0,0,293366601.8466092, 2045-Feb-16
385186 (1994 AW1),385186,,0,0,0.0,0.0,5.0750073615939485e-21,5.07500736159395e-46,0,0,0,0,0,0,0,0,0,0,0,0,0,0,0,0,0,0,0,0,0,0,0, 2022-Jul-09 2023-Jan-01 2029-Jul-02 2030-Jan-09 2036-Jun-25 2037-Jan-17 2037-Jul-27 2044-Jan-29 2044-Jul-22 2044-Dec-16
399433 (2001 YK4),399433,,0,0,0,0,0,0,0,0,0,0,1463648110.9436328,292729622.18872654,0,0,29272962218.872658,585459.2443774532,257602067526.07938,51520.41350521588,0,0,0,0,0,0,0,0,0,0,293366601.8466092, 2027-Oct-12 2040-Nov-05
401857 (2000 PG3),401857,,0,0,0,0,0,0,0,0,0,0,0,0,0,0,0,0,0,0,0,0,0,0,0,0,0,0,12312703.343863595,123127.03343863595,123127.03343863595, 2034-Apr-27
413123 (2001 XS1),413123,,0,0,0,0,0,0,0,0,0,0,1684483.1544901098,336896.630898022,0,0,11791382.081430769,235.82764162861537,139812101.8226791,27.962420364535816,0,0,1684483.1544901098,16844.8315449011,1684483.1544901098,124810.09484879018,395853541.3051758,1448064464.6969888,168448315.44901097,1684483.1544901098,1450227763.1988325, 2049-Dec-08
415949 (2001 XY10),415949,,0,0,0.0,0.0,1.1129269834507815e-21,1.1129269834507818e-46,0,0,0,0,0,0,0,0,0,0,0,0,0,0,0,0,0,0,0,0,0,0,0, 2018-Dec-27 2020-Apr-28 2024-Jan-02 2024-Jun-06 2027-Dec-22 2028-Jul-14 2031-Dec-31 2033-Jan-23 2033-May-11 2036-Dec-26 2037-Jun-19 2040-Dec-22 2046-Jan-12 2046-May-24 2049-Dec-22 2050-Jul-01
422686 (2000 AC6),422686,,0,0,0,0,0,0,0,0,0,0,0,0,961052556.2496111,9706.630818121073,0,0,0,0,0,0,0,0,0,0,0,0,0,0,9706.630818121073, 2018-Jul-21 2019-Feb-15 2021-Nov-29 2022-Jun-10 2026-Jan-01 2026-Apr-17 2029-Aug-19 2030-Feb-21 2032-Dec-07 2033-Jul-08 2034-Feb-10 2036-Nov-28 2037-May-26 2040-Sep-22 2041-Jan-27 2044-Aug-04 2045-Feb-18 2047-Dec-03 2048-Jun-25
437905 (2001 XU30),437905,,0,0,0.0,0.0,5.577847960648418e-22,5.57784796064842e-47,0,0,0,0,0,0,0,0,0,0,0,0,0,0,0,0,0,0,0,0,0,0,0, 2028-Jan-18 2041-Feb-16
446804 (1999 VN6),446804,,0,0,0,0,0,0,0,0,0,0,1014718.9211859694,202943.78423719388,0,0,7103032.448301786,142.0606489660357,84221670.45843545,16.844334091687088,0,0,507359.4605929847,5073.594605929847,507359.4605929847,37592.291873176604,119229473.23935139,436151114.8117848,101471892.11859693,1014718.9211859694,437411602.3086701, 2031-Nov-27 2047-Nov-22
455213 (2001 OE84),455213,,0,0,0.0,0.0,1.0432922167331755e-20,1.0432922167331757e-45,0,0,0,0,0,0,0,0,0,0,0,0,0,0,0,0,0,0,0,0,0,0,0, 2032-Oct-29
       (1993 TQ2),1993 TQ2,,0,0,0.0,0.0,2.429051242017783e-22,2.4290512420177834e-47,0,0,0,0,0,0,0,0,0,0,0,0,0,0,0,0,0,0,0,0,0,0,0, 2021-Dec-21 2035-Dec-26 2050-Jan-09
       (1996 FQ3),1996 FQ3,,0,0,0.0,0.0,1.4010920609376173e-22,1.4010920609376174e-47,0,0,0,0,0,0,0,0,0,0,0,0,0,0,0,0,0,0,0,0,0,0,0, 2022-Jun-25 2025-Apr-15
       (1997 GL3),1997 GL3,,0,0,0.0,0.0,1.987952336341862e-21,1.9879523363418622e-46,0,0,0,0,0,0,0,0,0,0,0,0,0,0,0,0,0,0,0,0,0,0,0, 2021-Apr-09 2027-Dec-29 2034-Sep-18 2045-Mar-29
       (1997 RT),1997 RT,,0,0,0,0,0,0,697230995.0810523,1394461990.1621046,0,0,0,0,1653831920.332256,16703.702395355787,0,0,0,0,0,0,0,0,0,0,0,0,0,0,1394478693.8645, 2024-Jul-09 2034-Sep-20
       (1997 TT25),1997 TT25,,0,0,0.0,0.0,1.1129269834507815e-21,1.1129269834507818e-46,0,0,0,0,0,0,0,0,0,0,0,0,0,0,0,0,0,0,0,0,0,0,0, 2028-Dec-08 2031-Oct-28
       (1998 MW5),1998 MW5,,0,0,0.0,0.0,1.4671234954552484e-21,1.4671234954552487e-46,0,0,0,0,0,0,0,0,0,0,0,0,0,0,0,0,0,0,0,0,0,0,0, 2020-Sep-01 2021-Sep-11 2022-Sep-21 2023-Oct-17 2024-Aug-12 2024-Dec-02 2025-Jul-21 2026-Jan-01 2026-Jul-02 2027-Jan-31 2027-Jun-12 2028-Mar-09 2028-May-18 2029-Apr-27 2030-May-04 2031-May-13 2050-Sep-07
       (1998 SG2),1998 SG2,,0,0,0.0,0.0,9.693188808652871e-22,9.693188808652872e-47,0,0,0,0,0,0,0,0,0,0,0,0,0,0,0,0,0,0,0,0,0,0,0, 2025-Oct-18 2035-Sep-13
       (1999 CW8),1999 CW8,,0,0,0,0,0,0,0,0,0,0,0,0,0,0,0,0,20198343931.022133,4039.6687862044264,0,0,2019834.3931022133,20198.343931022133,2019834.3931022133,149657.60952251538,474661082.3790201,1736348862.5147285,0,0,1736522758.1369684, 2019-Jul-20 2029-Jul-25
       (1999 DB2),1999 DB2,,0,0,0.0,0.0,1.934045434178318e-21,1.9340454341783185e-46,0,0,0,0,0,0,0,0,0,0,0,0,0,0,0,0,0,0,0,0,0,0,0, 2020-Apr-17 2041-Mar-27
       (1999 FA),1999 FA,,0,0,0.0,0.0,2.179746391770764e-22,2.1797463917707643e-47,0,0,0,0,0,0,0,0,0,0,0,0,0,0,0,0,0,0,0,0,0,0,0, 2016-Sep-29 2017-Aug-02 2018-Mar-18 2026-Sep-12 2027-Mar-04 2035-Oct-01 2036-Jul-05 2037-Mar-23 2045-Sep-09 2046-Mar-05
       (1999 FN19),1999 FN19,,0,0,0.0,0.0,1.33803253052892e-23,1.3380325305289205e-48,0,0,0,0,0,0,0,0,0,0,0,0,0,0,0,0,0,0,0,0,0,0,0, 2018-May-07 2035-Mar-09 2037-Jun-20
       (1999 JE1),1999 JE1,,0,0,0.0,0.0,4.858102484035566e-22,4.858102484035567e-47,0,0,0,0,0,0,0,0,0,0,0,0,0,0,0,0,0,0,0,0,0,0,0, 2020-Dec-02 2023-Dec-30 2027-Jan-15 2028-May-02 2031-May-14 2034-May-23 2037-May-26
       (1999 SK10),1999 SK10,,0,0,0.0,0.0,6.404226336177506e-22,6.404226336177507e-47,0,0,0,0,0,0,0,0,0,0,0,0,0,0,0,0,0,0,0,0,0,0,0, 2021-Mar-05
       (1999 YD),1999 YD,,0,0,0.0,0.0,9.256923447169398e-23,9.2569234471694e-48,0,0,0,0,0,0,0,0,0,0,0,0,0,0,0,0,0,0,0,0,0,0,0, 2027-Jan-19 2030-Oct-05
       (2000 AE205),2000 AE205,,0,0,0.0,0.0,9.086695344591608e-24,9.086695344591611e-49,0,0,0,0,0,0,0,0,0,0,0,0,0,0,0,0,0,0,0,0,0,0,0, 2019-Jun-13 2024-May-24 2029-May-04 2033-Sep-24 2034-Apr-13 2038-Oct-06 2039-Mar-19 2043-Oct-20 2044-Feb-11 2048-Nov-28
       (2000 AH205),2000 AH205,,0,0,0.0,0.0,1.33803253052892e-23,1.3380325305289205e-48,0,0,0,0,0,0,0,0,0,0,0,0,0,0,0,0,0,0,0,0,0,0,0, 2020-Jun-21 2022-Jan-11 2025-May-26 2026-Nov-10 2027-Jan-13 2031-May-18 2031-Sep-07 2036-Jun-26 2038-Jan-17 2041-Jun-09 2043-Jan-02 2047-Nov-20
       (2000 CE59),2000 CE59,,1704373261.2560945,85218663.06280473,0.0,0.0,2.4348189446515636e-22,2.434818944651564e-47,0,0,0,0,0,0,0,0,0,0,0,0,0,0,0,0,0,0,0,0,0,0,85218663.06280473, 2017-Mar-04 2017-Jul-27 2023-Jan-21 2023-Aug-31 2028-Mar-20 2028-Dec-08 2034-Mar-16 2034-Jun-20 2040-Feb-02 2040-Aug-23 2045-Dec-22
       (2000 DO1),2000 DO1,,0,0,0.0,0.0,4.349165831689585e-22,4.3491658316895856e-47,0,0,0,0,0,0,0,0,0,0,0,0,0,0,0,0,0,0,0,0,0,0,0, 2024-Feb-23 2027-Oct-27 2029-Mar-21 2029-May-01 2039-Oct-18 2041-Mar-22
       (2000 GV127),2000 GV127,,0,0,0.0,0.0,1.7314341035218905e-21,1.7314341035218906e-46,0,0,0,0,0,0,0,0,0,0,0,0,0,0,0,0,0,0,0,0,0,0,0, 2019-May-16 2043-May-04
       (2000 KL33),2000 KL33,,0,0,0.0,0.0,8.67772668552052e-22,8.677726685520523e-47,0,0,0,0,0,0,0,0,0,0,0,0,0,0,0,0,0,0,0,0,0,0,0, 2040-Jul-28 2043-Jul-19
       (2000 WL10),2000 WL10,,0,0,0,0,0,0,29203619.181412227,58407238.362824455,0,0,2920361918.1412225,584072383.6282445,0,0,58407238362.824455,1168144.7672564893,513983697592.85516,102796.73951857105,0,0,0,0,0,0,0,0,0,0,643750563.497844, 2028-Jul-30 2039-Nov-27
       (2000 WL63),2000 WL63,,0,0,0.0,0.0,6.582728865868191e-22,6.5827288658681925e-47,0,0,0,0,0,0,0,0,0,0,0,0,0,0,0,0,0,0,0,0,0,0,0, 2024-Dec-27 2025-May-05 2036-Dec-27 2037-May-06 2048-Dec-27 2049-May-08
       (2000 WM63),2000 WM63,,0,0,0.0,0.0,2.5026837136563577e-22,2.502683713656358e-47,0,0,0,0,0,0,0,0,0,0,0,0,0,0,0,0,0,0,0,0,0,0,0, 2021-Apr-20 2022-May-15 2023-Jan-05 2023-Jun-15 2023-Dec-11 2024-Jul-30 2024-Nov-23 2025-Nov-15 2044-Apr-15 2045-May-09 2046-Jan-13 2046-Jun-08 2046-Dec-15 2047-Jul-19 2047-Nov-27 2048-Nov-16
       (2000 YA),2000 YA,,0,0,0.0,0.0,2.549568426279813e-24,2.5495684262798137e-49,0,0,0,0,0,0,0,0,0,0,0,0,0,0,0,0,0,0,0,0,0,0,0, 2023-Mar-20 2034-Feb-16 2044-Dec-19
       (2000 YF29),2000 YF29,,0,0,0.0,0.0,3.787965086082671e-22,3.7879650860826714e-47,0,0,0,0,0,0,0,0,0,0,0,0,0,0,0,0,0,0,0,0,0,0,0, 2021-Apr-03 2032-Jan-05 2032-May-11 2041-Apr-30
       (2001 EC),2001 EC,,0,0,0.0,0.0,2.9272962218872656e-21,2.9272962218872663e-46,0,0,0,0,0,0,0,0,0,0,0,0,0,0,0,0,0,0,0,0,0,0,0, 2021-Sep-16 2026-Feb-19 2042-Sep-05 2047-Feb-09
       (2001 HW15),2001 HW15,,0,0,0,0,0,0,0,0,0,0,139777309.44954506,27955461.88990901,0,0,2795546188.990901,55910.923779818026,24600806463.119926,4920.161292623986,0,0,0,0,0,0,0,0,0,0,28016292.974981453, 2018-May-18 2033-May-21 2050-May-20
       (2001 JV1),2001 JV1,,0,0,0.0,0.0,6.115988670252731e-23,6.115988670252732e-48,0,0,0,0,0,0,0,0,0,0,0,0,0,0,0,0,0,0,0,0,0,0,0, 2021-Jul-21 2030-May-08 2041-Sep-02 2050-May-25
       (2001 QA143),2001 QA143,,0,0,0.0,0.0,7.353035660767893e-22,7.353035660767894e-47,0,0,0,0,0,0,0,0,0,0,0,0,0,0,0,0,0,0,0,0,0,0,0, 2018-Nov-06 2035-Nov-06
       (2001 SG286),2001 SG286,,0,0,0,0,0,0,0,0,0,0,0,0,0,0,0,0,0,0,0,0,0,0,0,0,0,0,1936.61637177882,19.366163717788197,19.366163717788197, 2020-Apr-07 2020-Sep-20 2028-May-15 2028-Nov-07 2031-Oct-17 2039-Aug-17 2047-May-03 2050-Oct-08
       (2001 TY44),2001 TY44,,0,0,0,0,0,0,0,0,0,0,139777309.44954506,27955461.88990901,0,0,2795546188.990901,55910.923779818026,24600806463.119926,4920.161292623986,0,0,0,0,0,0,0,0,0,0,28016292.974981453, 2030-Dec-01
       (2001 TC45),2001 TC45,,0,0,0.0,0.0,1.2778111465106202e-21,1.2778111465106204e-46,0,0,0,0,0,0,0,0,0,0,0,0,0,0,0,0,0,0,0,0,0,0,0, 2025-Mar-24 2035-Jan-05 2044-Oct-27
       (2001 UU92),2001 UU92,,0,0,0,0,0,0,0,0,0,0,0,0,0,0,0,0,1525692507.055338,305.1385014110676,0,0,0,0,0,0,0,0,0,0,305.1385014110676, 2018-Nov-07 2035-Nov-15
       (2001 WH2),2001 WH2,,0,0,0,0,0,0,0,0,0,0,184262380.07914707,36852476.015829414,0,0,3685247601.5829415,73704.95203165885,32430178893.929886,6486.0357787859775,0,0,0,0,0,0,0,0,0,0,36932667.003639854, 2036-Dec-19 2039-Dec-23
       (2001 YE1),2001 YE1,,0,0,0,0,0,0,0,0,0,0,0,0,0,0,0,0,580052113.2281735,116.0104226456347,0,0,0,0,0,0,0,0,0,0,116.0104226456347, 2031-May-09 2047-Jan-13
       (2002 AV),2002 AV,,0,0,0,0,0,0,0,0,0,0,165350.67320480788,33070.13464096158,0,0,1157454.7124336553,23.149094248673105,13724105.875999054,2.7448211751998106,0,0,165350.67320480788,1653.506732048079,165350.67320480788,12251.492780437035,38857408.20312985,142143561.03435448,16535067.320480788,165350.67320480788,142355912.73562816, 2033-Jan-14 2036-Oct-14 2040-Aug-21
       (2002 AQ2),2002 AQ2,,0,0,0.0,0.0,3.966486380657245e-21,3.9664863806572456e-46,0,0,0,0,0,0,0,0,0,0,0,0,0,0,0,0,0,0,0,0,0,0,0, 2037-Jan-21 2050-Mar-11
       (2002 AT4),2002 AT4,,0,0,0,0,0,0,0,0,0,0,0,0,0,0,0,0,0,0,0,0,0,0,0,0,0,0,1279.5097481385042,12.79509748138504,12.79509748138504, 2025-Jan-24 2030-Apr-18
       (2002 AU5),2002 AU5,,0,0,0,0,0,0,0,0,0,0,4420146630.707391,884029326.1414782,0,0,88402932614.14783,1768058.6522829565,777945807004.5007,155589.16140090016,0,0,0,0,0,0,0,0,0,0,885952973.955162, 2022-Jan-21 2024-Oct-30 2027-Aug-08 2030-Jun-10 2045-Jan-18 2047-Oct-23 2050-Jul-26
       (2002 AK14),2002 AK14,,0,0,0.0,0.0,7.217818672546836e-23,7.217818672546838e-48,0,0,0,0,0,0,0,0,0,0,0,0,0,0,0,0,0,0,0,0,0,0,0, 2038-Jun-03 2039-Jun-15 2040-Jun-28 2041-Feb-19 2041-Jul-13 2042-Feb-01 2042-Jul-31 2043-Jan-20 2043-Aug-21 2044-Jan-11 2045-Jan-04 2046-Jan-01 2047-Jan-02
       (2002 AL14),2002 AL14,,0,0,0.0,0.0,8.840293261414782e-21,8.840293261414783e-46,0,0,0,0,0,0,0,0,0,0,0,0,0,0,0,0,0,0,0,0,0,0,0, 2020-Jul-11 2021-Feb-18 2021-Aug-08 2022-Jan-28 2022-Sep-18 2023-Jan-18 2038-Jun-28 2039-Jul-24 2040-Feb-07 2040-Aug-23 2041-Jan-22 2042-Jan-17
       (2002 AH29),2002 AH29,,0,0,0,0,0,0,0,0,0,0,72178.18672546836,14435.637345093674,0,0,505247.30707827857,10.104946141565572,5990789.498213874,1.1981578996427746,0,0,72178.18672546836,721.7818672546837,72178.18672546836,5347.970567236853,16961873.880485065,62047914.842492014,7217818.672546836,72178.18672546836,62140609.72210111, 2017-Jan-16 2032-Jan-19 2047-Apr-02
       (2002 AL31),2002 AL31,,0,0,0,0,0,0,0,0,0,0,422120.7261453191,84424.14522906383,0,0,8442414.522906383,168.84829045812768,74293247.80157617,14.858649560315234,0,0,0,0,0,0,0,0,0,0,84607.85216908227, 2044-Jun-29 2048-Jan-08
       (2002 CT46),2002 CT46,,0,0,0.0,0.0,4.289321169701265e-23,4.289321169701266e-48,0,0,0,0,0,0,0,0,0,0,0,0,0,0,0,0,0,0,0,0,0,0,0, 2042-Mar-05
       (2002 DH2),2002 DH2,,0,0,0,0,0,0,0,0,0,0,559109.2377981802,111821.84755963605,0,0,3913764.6645872616,78.27529329174523,46406066.73724896,9.28121334744979,0,0,279554.6188990901,2795.546188990901,279554.6188990901,20713.319932709182,65695335.44128617,240318882.67366964,55910923.77981802,559109.2377981802,241013410.1816558, 2046-Jul-06 2049-Apr-08
       (2002 DQ3),2002 DQ3,,0,0,0.0,0.0,2.2205812693913326e-24,2.220581269391333e-49,0,0,0,0,0,0,0,0,0,0,0,0,0,0,0,0,0,0,0,0,0,0,0, 2020-Jan-27 2033-Mar-16 2038-Jan-09
       (2009 DD45),2009 DD45,,0,0,0.0,0.0,1.8984797425704715e-25,1.898479742570472e-50,0,0,0,0,0,0,0,0,0,0,0,0,0,0,0,0,0,0,0,0,0,0,0, 2016-Aug-09 2019-Dec-05 2020-Apr-21 2023-Sep-15 2027-Feb-14 2027-Jul-06 2030-Oct-23 2034-Aug-24 2038-Mar-21 2045-Feb-01 2045-Jul-28 2048-Nov-09 2049-May-12
